2021-10-23 02:22:52,,2021-10-23 02:17:41,2021-10-23 05:24:35,0,공사 ,수도권제1순환선(1000) 고양분기점(64K)-고양분기점부근(63K)(1,2차로)시설물보수작업중 [고속도로]수도권제1순환선(1000) 고양분기점(64K)-고양분기점부근(63K)(1,2차로)시설물보수작업중,126.8644,37.6682
2021-10-23 06:12:50,,2021-10-23 06:12:00,2021-10-23 06:42:00,2,기상 ,중앙고속도로 춘천JC 춘천IC 1,2차로 381.4km(춘천IC방향) 주의운전 기상 -,127.7682644,37.8147112
2021-10-23 06:25:34,,2021-10-23 06:25:00,2021-10-23 06:55:00,2,기상 ,당진영덕고속도로 단촌3터널 단촌4터널서측 1차로 0km(동안동IC방향) 주의운전 기상 -,128.7261816,36.4209651
2021-10-23 06:26:35,,2021-10-23 06:26:00,2021-10-23 06:56:00,1,사고 ,중앙로 단대오거리역3번출구 스타벅스단대오거리역점 1차로 주의운전 교통사고 -,127.154744777145,37.4439648929813
2021-10-23 06:29:22,,2021-10-23 06:29:00,2021-10-23 06:59:00,1,사고 ,중앙로 우리은행사거리 신흥사거리 1차로 주의운전 차량고장 -,127.145230528086,37.4400246609351
2021-10-23 06:35:48,,2021-10-23 06:34:00,2021-10-23 07:04:00,2,기상 ,청주영덕고속도로 124km지점 동안동ic 북의성ic 1차로 주의운전 기상 -,128.6655989,36.4649177
2021-10-23 06:59:51,,2021-10-23 06:50:00,2021-10-23 07:20:00,1,사고 ,호남고속도로 여산휴게소 익산IC북측 4차로 고장 차량 -,127.113209517112,35.9952633086898
2021-10-23 07:01:13,,2021-10-23 07:01:00,2021-10-23 07:31:00,1,사고 ,일반국도17호선 순천IC앞 공영차고지앞 1차로 주의운전 교통사고 -,127.5176886,34.9825384
2021-10-23 07:03:48,,2021-10-23 14:00:00,2021-10-23 17:00:00,2,행사 ,세종대로 세종로사거리 광화문 5차로 장소: 시민열린마당 앞 집회 서울청,126.977167064142,37.5746806036664
2021-10-23 07:05:00,,2021-10-23 14:00:00,2021-10-23 16:00:00,2,행사 ,서초대로 법원검찰청앞 서초1교 3차로 장소: 우리은행 강남점 앞 집회 서울청,127.018839525961,37.4952040306807
2021-10-23 07:06:54,,2021-10-23 07:06:00,2021-10-23 18:00:00,0,공사 ,영등포로 선한치과 영등포시장앞교차로 진행방향 전체차로 주의운전 시설물보수 반대 차선 확인 요망,126.908994845122,37.519122811324
2021-10-23 07:06:58,,2021-10-23 22:00:00,2021-10-30 05:00:00,0,공사 ,동부간선도로 월계1교 녹천교 2차로 자동차전용도로 시설물 세척용역, 장소: 동부간선로 월계1교~수락지하차도 부분통제 유지보수 서울청,127.059600693355,37.6380523939067
2021-10-23 07:09:00,,2021-10-23 22:00:00,2021-10-30 06:00:00,0,공사 ,강변북로 광진교 천호대교 3차로 // 자동차전용도로 시설물 세척용역 // 장소 : 아차산대교-광진교/한강호텔웨딩-광장동진출/광진교-천호대교 // 부분통제 도로공사 서울청,127.108665373033,37.5451251621898
2021-10-23 07:09:14,,2021-10-23 22:00:00,2021-10-31 06:00:00,0,공사 ,강변북로 암사대교 광진교 3차로 자동차전용도로 시설물 세척용역, 장소: 강변북로 아차산대교~광진교~천호대교 밑 부분통제 유지보수 서울청,127.112996205857,37.5543112776421
2021-10-23 07:11:13,,2021-10-23 23:00:00,2021-10-24 05:00:00,0,공사 ,서부간선도로 오목교 목동교 2차로 / 서부간선지하도로1공구 / 장소 : 서부간선도로 (오목교~목동교 사이. 성산방면) / 부분통제 도로공사 서울청,126.885828520928,37.5272170943108
2021-10-23 07:12:45,,2021-10-23 07:12:00,2021-10-23 18:00:00,0,공사 ,일반국도26호선 전주천교 전주천교 1차로 주의운전 도로공사 -,127.103516972222,35.869399
2021-10-23 07:12:58,,2021-10-23 23:00:00,2021-10-30 05:00:00,0,공사 ,강변북로 원효대교 마포대교 4차로 자동차전용도로 시설물 세척용역, 장소: 강변북로 서부교회-원효대교/ 반도유보라아파트앞 부분통제 유지보수 서울청,126.949381663388,37.5326404110147
2021-10-23 07:16:47,,2021-10-23 07:16:00,2021-10-23 07:59:00,1,사고 ,동부간선도로 중랑교 장안교 3차로 충돌. 후미 지체 교통사고 서울청,127.070013542183,37.5904925027704
2021-10-23 07:19:42,,2021-10-23 07:19:00,2021-10-23 08:49:00,2,기상 ,일반국도24호선 신소양교남측 교동교차로 1차로 주의운전 기상 -,128.1698922,35.5688759
2021-10-23 07:27:59,,2021-10-23 07:27:00,2021-10-23 07:57:00,1,사고 ,호남고속도로 여산휴게소 익산IC 1차로 184kmkm(익산IC방향) 호남선 하행 184km 갓길 고장차량 주의요망  차량고장 -,127.1129593,35.996738
2021-10-23 07:35:19,,2021-10-23 07:34:00,2021-10-23 18:00:00,0,공사 ,경부고속도로 김천시구미시 선주교북측 4차로 180km(김천분기점방향) 차단공사중 도로공사 -,128.2900357,36.1474703
2021-10-23 07:39:40,,2021-10-23 07:39:00,2021-10-23 08:09:00,2,기상 ,경부고속도로 원평1교남측 신평육교북측 진행방향 전체차로 175km(구미IC방향) 안개발생 안전운전요망 기상 반대 차선 확인 요망,128.3458175,36.1268268
2021-10-23 07:40:19,,2021-10-23 07:39:00,2021-10-23 08:09:00,1,사고 ,문수로 법원검찰청입구교차로 옥동성당앞교차로 1차로 차량정차로 인한 인도통행에 문제 교통사고 -,129.2889231,35.5352107
2021-10-23 07:43:23,,2021-10-23 07:42:00,2021-10-23 18:00:00,0,공사 ,일반국도44호선 연봉지구 교차로 개선공사  연봉교차로  검율교차로  진행방향 전체차로 부분통제 도로공사 반대 차선 확인 요망,127.8874184,37.6882201
2021-10-23 07:43:23,,2021-10-23 07:43:00,2021-10-23 18:00:00,0,공사 ,만년길 갈마공원네거리 향촌아파트테니스장 2차로 주의운전 도로공사 -,127.3739121,36.3577238
2021-10-23 07:44:57,,2021-10-23 07:44:00,2021-10-23 18:00:00,0,공사 ,사기막길 에프케이 탄벌마을앞교차로 1차로 주의운전 도로공사 -,127.240418781937,37.4099583653034
2021-10-23 07:45:29,,2021-10-23 07:44:00,2021-10-23 08:14:00,1,사고 ,수암로 공업탑로터리 파스쿠찌수암로점 2차로 차량문제로 인한정차로 2차선 통행어려움 교통사고 -,129.311143,35.5315684
2021-10-23 07:45:34,,2021-10-23 07:44:00,2021-10-23 08:14:00,1,사고 ,서부간선도로 철산대교  금천교  1차로 주의운전  교통사고 서울청,126.884013696478,37.4681273525542
2021-10-23 07:49:41,,2021-10-23 07:49:00,2021-10-23 18:00:00,0,공사 ,화정큰길 화정낚시터 화정8교사거리 1차로 주의운전 도로공사 -,126.8197526,37.3494116
2021-10-23 07:50:42,,2021-10-23 07:50:00,2021-10-23 17:00:00,0,공사 ,이배재로 이배재로5 송정동사무소앞 1차로 주의운전 도로공사 -,127.247318693536,37.4187236043798
2021-10-23 07:51:03,,2021-10-23 07:46:00,2021-10-23 18:00:00,0,공사 ,중앙로 산성스포랜드교차로 산성육교 1차로 도로공사 차로감소 주의요망 도로공사 -,127.171008,37.4628983
2021-10-23 07:51:22,,2021-10-23 07:51:00,2021-10-23 18:00:00,0,공사 ,시청로 쌍봉교 석창사거리 1차로 주의운전 도로공사 -,127.6646837,34.7817693
2021-10-23 07:51:32,,2021-10-23 07:51:00,2021-10-23 08:21:00,1,사고 ,꽃대나루길 꽃대나리로37 삼성자동차학원앞교차로 1차로 차량문제로 인한 정차로 인도통행에 문제 교통사고 -,129.3340008,35.5335418
2021-10-23 07:54:12,,2021-10-23 07:54:00,2021-10-23 18:00:00,0,공사 ,일반국도7호선 입구식당 예수촌교회 1차로 주의운전 도로공사 -,129.0993529,35.2923815
2021-10-23 07:54:58,,2021-10-23 07:54:00,2021-10-23 08:24:00,2,기상 ,중부내륙고속도로 선산IC 선산IC 진행방향 전체차로 0km(방향) 짙은 안개로 인해 주의운전 바랍니다 기상 반대 차선 확인 요망,128.264196499722,36.2385719997222
2021-10-23 08:00:40,,2021-10-23 08:00:00,2021-10-23 18:00:00,0,공사 ,청명로 영덕중삼거리 수원가정법원 1차로 주의운전 도로공사 -,127.072298,37.2572739
2021-10-23 08:01:26,,2021-10-23 08:01:00,2021-10-23 18:00:00,0,공사 ,일반국도13호선 용산마을 앞 교차로 나주시 노안면 1차로 주의운전 도로공사 -,126.7609314,35.07549
2021-10-23 08:02:02,,2021-10-23 08:01:00,2021-10-23 08:31:00,2,통제 ,해운대해변로 요트장삼거리 한국해양소년단부산연맹 1차로 주의운전 행사 -,129.139677150138,35.1622722973212
2021-10-23 08:03:12,,2021-10-23 08:02:00,2021-10-23 18:00:00,0,공사 ,경부고속도로 김천분기점 구미ic 4차로 0km(김천분기점방향) 4차로 차단 공사중으로 안전운전 바랍니다  도로공사 -,128.289670999722,36.1476140997222
2021-10-23 08:04:22,,2021-10-23 08:04:00,2021-10-23 08:34:00,2,기상 ,중앙고속도로 남안동IC 남안동IC 1차로 0km(방향) 주의운전 기상 -,128.6198043,36.4763168
2021-10-23 08:07:27,,2021-10-23 08:07:00,2021-10-23 18:00:00,0,공사 ,서부간선도로 금천구광명시 시흥대교삼거리 1차로 주의운전 도로공사 -,126.8928321,37.4517281
2021-10-23 08:09:11,,2021-10-23 08:09:00,2021-10-23 08:39:00,2,기상 ,당진영덕고속도로 안평3터널 안동JC 1차로 0km(북의성IC방향) 주의운전 기상 -,128.609737,36.4332648
2021-10-23 08:16:09,,2021-10-23 08:16:00,2021-10-23 08:46:00,2,기상 ,당진영덕고속도로 서의성IC 안사1터널서측 1차로 0km(안동JC방향) 주의운전 기상 -,128.470396,36.404461
2021-10-23 08:16:31,,2021-10-23 08:16:00,2021-10-23 18:00:00,0,공사 ,동탄신리천로 오산리천2교 동탄신리천로1 1차로 주의운전 도로공사 -,127.0925603,37.1865513
2021-10-23 08:18:28,,2021-10-23 08:17:00,2021-10-23 08:59:00,1,사고 ,강변북로 월드컵대교 성산대교 4차로 승용차-화물차. 후미 지체 교통사고 서울청,126.89203828936,37.5593705815749
2021-10-23 08:19:40,,2021-10-23 08:19:00,2021-10-23 18:00:00,0,공사 ,청파로 보수공사 서부역 중림삼거리 2차로 주의운전 도로공사 -,126.9682145,37.5552398
2021-10-23 08:20:23,,2021-10-23 08:19:00,2021-10-23 08:59:00,1,사고 ,강변북로 반포대교 한남대교 3차로 승용차-승용차. 후미 지체 교통사고 서울청,126.997256832953,37.5203255186803
2021-10-23 08:22:15,,2021-10-23 08:20:00,2021-10-23 18:00:00,0,공사 ,한강대로 서울역 서울역앞교차로 2차로 주의운전  도로공사 -,126.97264011079,37.5560763243276
2021-10-23 08:27:04,,2021-10-23 08:26:00,2021-10-23 08:56:00,2,기상 ,당진영덕고속도로 동상주IC 상주JC 1차로 0km(상주JC방향) 주의운전 기상 -,128.2833218,36.3754043
2021-10-23 08:27:22,,2021-10-23 08:26:00,2021-10-23 08:59:00,1,사고 ,강변북로 원효대교 한강대교 2,3차로 화물차-승용차. 후미 지체 교통사고 서울청,126.9539798613,37.5248936781619
2021-10-23 08:27:41,,2021-10-23 08:26:00,2021-10-23 18:00:00,2,행사 ,소공로 주요시설경비 회현사거리 한국은행앞 1차로 주의운전 행사 -,126.9820282,37.5610163997222
2021-10-23 08:28:20,,2021-10-23 08:21:40,2021-10-23 11:29:48,0,공사 ,서해안선(0150) (2차로)시설물보수작업중 [고속도로]서해안선(0150) (2차로)시설물보수작업중,126.4853,34.8616
2021-10-23 08:29:38,,2021-10-23 08:29:00,2021-10-23 18:00:00,0,공사 ,지방도865호선 솔마루장어구이 서경운수 1차로 주의운전 도로공사 -,127.619974499722,34.9228845
2021-10-23 08:30:31,,2021-10-23 08:29:00,2021-10-23 18:00:00,0,공사 ,금강로 구암휴먼시아 하구둑사거리 3차로 주의운전 도로공사 -,126.7320876,35.9814761
2021-10-23 08:30:56,,2021-10-23 08:30:00,2021-10-23 09:00:00,2,기상 ,중부내륙고속도로 선산IC 선산TG 진행방향 전체차로 0km(방향) 안개로운행주의 기상 반대 차선 확인 요망,128.2684633,36.23752
2021-10-23 08:31:42,,2021-10-23 08:31:00,2021-10-23 18:00:00,0,공사 ,일반국도2호선 하단교차로 한주아파트 1차로 주의운전 도로공사 -,128.9672118,35.1064515997222
2021-10-23 08:32:36,,2021-10-23 08:32:00,2021-10-23 18:00:00,0,공사 ,창경궁로 서울특별시재향군인회 원남동사거리 1차로 주의운전 도로공사 -,126.9974958,37.5757702
2021-10-23 08:33:09,,2021-10-23 08:32:00,2021-10-23 18:00:00,0,공사 ,이섭대천로 율현사거리 이천사거리 3차로 3차로 공사 우회전시 주의 도로공사 -,127.44586785917,37.2685528868175
2021-10-23 08:33:28,,2021-10-23 08:33:00,2021-10-23 18:00:00,0,공사 ,오패산로 방천시장입구교차로 미아4동사무소 1차로 주의운전 시설물보수 -,127.0335827,37.6156122
2021-10-23 08:39:08,,2021-10-23 08:39:00,2021-10-23 09:09:00,2,행사 ,소공로 한국은행앞 한국은행앞교차로 4차로 주의운전 집회 -,126.98140972413,37.5616934952376
2021-10-23 08:39:14,,2021-10-23 08:39:00,2021-10-23 14:00:00,0,공사 ,일반국도33호선 삼가2터널남측 삼가교차로 1차로 주의운전 도로공사 -,128.1336986,35.4161358
2021-10-23 08:40:46,,2021-10-23 08:40:00,2021-10-23 18:00:00,0,공사 ,삼전로 삼전사거리 잠실학원사거리 1차로 도로공사 도로공사 -,127.090075442025,37.5066478368498
2021-10-23 08:44:48,,2021-10-23 08:44:00,2021-10-23 09:14:00,1,사고 ,원효로 원효전화국 원효대교북단 3차로 주의운전 교통사고 -,126.9595691,37.5345584
2021-10-23 08:49:38,,2021-10-23 08:49:00,2021-10-23 18:00:00,0,공사 ,양재대로 가락지하차도 가락지하차도동측 1차로 가락지하차도 도로공사 도로공사 -,127.111058845377,37.4965719996419
2021-10-23 08:52:09,,2021-10-23 08:51:00,2021-10-23 09:21:00,1,사고 ,영동선 하행 85km 여주휴게소 이천ic 1차로 주의운전 교통사고 -,127.556336299722,37.2403697
2021-10-23 08:52:30,,2021-10-23 08:52:00,2021-10-23 09:22:00,1,사고 ,사가정로 유수지주차장앞교차로 사가정역앞교차로 2차로 주의운행 교통사고 서울청,127.087467279017,37.5807231078646
2021-10-23 08:54:11,,2021-10-23 08:54:00,2021-10-23 18:00:00,0,공사 ,경부고속도로 김천시구미시 선주교북측 1차로 0km(김천분기점방향) 주의운전 도로공사 -,128.2951045,36.1457166
2021-10-23 08:54:23,,2021-10-23 08:54:00,2021-10-23 09:24:00,2,신호기 고장 ,고장> 일반국도46호선 감천교 수리재마을입구교차로 1차로 주의운전 신호기 고장 -,127.447657693164,37.7690974643655
2021-10-23 08:54:36,,2021-10-23 08:54:00,2021-10-23 09:24:00,2,신호기 고장 ,고장> 일반국도46호선 감천교 감천교 1차로 주의운전 신호기 고장 -,127.4476603,37.7688372
2021-10-23 08:54:44,,2021-10-23 08:54:00,2021-10-23 18:00:00,0,공사 ,일반국도17호선 대전시노숙인상담센터 대전역네거리 1차로 주의운전 도로공사 -,127.4322884,36.331891
2021-10-23 08:55:17,,2021-10-23 08:54:00,2021-10-23 09:59:00,1,사고 ,경인로 영등포로터리 대방역 3차로 승용차-승용차. 후미 서행 교통사고 서울청,126.913351736426,37.5187080020453
2021-10-23 08:56:22,,2021-10-23 08:56:00,2021-10-23 18:00:00,0,공사 ,청솔마을길 비단마을사거리 청솔마을사거리 1차로 주의운전 시설물보수 -,126.985925393842,37.2960482125336
2021-10-23 08:56:36,,2021-10-23 08:55:00,2021-10-23 18:00:00,0,공사 ,샘실길 법동 동사무소 대전차량사업소 ktx 1,2차로 도로포장 공사 전차선 통제  도로공사 -,127.427149,36.3706316
2021-10-23 08:56:36,,2021-10-23 08:56:00,2021-10-23 18:26:00,2,통제 ,아리랑길 읍내네거리 원촌교네거리 3차로 하수관로 매설공사로 후미 안전운전요망 공사 -,127.4188254,36.3746011
2021-10-23 08:57:15,,2021-10-23 08:57:00,2021-10-23 18:00:00,0,공사 ,일반국도3호선 중화장미아파트 덕산빌딩앞 1차로 주의운전 도로공사 -,127.0785269,37.6066537
2021-10-23 08:59:08,,2021-10-23 08:59:00,2021-10-23 18:00:00,0,공사 ,복수중로 복수중로3 복수중로1 2차로 주의운전 도로공사 -,127.3751681,36.3072854
2021-10-23 08:59:18,,2021-10-23 08:59:00,2021-10-23 18:00:00,0,공사 ,경부고속도로 구미TG 구미IC 1차로 0km(방향) 주의운전 도로공사 -,128.3618438,36.1104156
2021-10-23 09:00:00,,2021-10-23 08:59:00,2021-10-23 18:00:00,0,공사 ,백현로 백현1교차로 백현사거리 1차로 주의운전 도로공사 -,127.108440776365,37.3784290336315
2021-10-23 09:00:15,,2021-10-23 08:59:00,2021-10-23 18:00:00,0,공사 ,일반국도29호선 정읍동초등학교 방면 상동회전교차로 1차로 노후 상수관 교체 공사중으로 서행안전 바랍니다  도로공사 -,126.8634412,35.5656576
2021-10-23 09:02:56,,2021-10-23 09:02:00,2021-10-23 18:32:00,2,통제 ,일반국도17호선 회덕파출소 읍내삼거리 2,3차로 하수관로 매설공사로 후미 안전운전요망 공사 -,127.4217201,36.3787495
2021-10-23 09:04:37,,2021-10-23 09:04:00,2021-10-23 18:00:00,0,공사 ,화개1길 멕시카나치킨마재금호점 대주아파트 2차로 주의운전 도로공사 -,126.8567511,35.1265431
2021-10-23 09:05:03,,2021-10-23 09:04:00,2021-10-23 18:00:00,0,공사 ,남부순환로 구로IC 구로IC 1차로 주의운전 도로공사 -,126.878297718685,37.4872630385673
2021-10-23 09:05:05,,2021-10-23 09:04:00,2021-10-23 18:00:00,0,공사 ,계족로 승리교회 읍내동 현대 아파트 신탄진로37 3차로 하수관거 3차선 통제 하수관거 작업 -,127.4270733,36.3777908
2021-10-23 09:07:35,,2021-10-23 09:07:00,2021-10-23 14:00:00,0,공사 ,동소문로 성북녹십자약국 성북구청입구교차로 3차로 주의운전 시설물보수 -,127.010729712029,37.5904686283135
2021-10-23 09:07:41,,2021-10-23 09:07:00,2021-10-23 09:59:00,1,사고 ,능동로 건대입구역 어린이대공원역 3차로 승용차-승용차. 후미 지체 교통사고 서울청,127.073953092606,37.5468233567365
2021-10-23 09:07:58,,2021-10-23 09:07:00,2021-10-23 18:00:00,0,공사 ,동일로 중화역앞교차로 장안중교 3차로 주의운전 도로공사 -,127.079772333804,37.5998611257243
2021-10-23 09:11:50,,2021-10-23 09:11:00,2021-10-23 09:41:00,1,사고 ,국가지원지방도98호선 감정동3846 감정동3644 1차로 주의운전 교통사고 -,126.6863636,37.6259716
2021-10-23 09:12:00,,2021-10-23 09:11:00,2021-10-23 18:00:00,0,공사 ,한천로 우이시장 성일빌딩 1차로 주의운전 도로공사 -,127.0204914,37.6444156
2021-10-23 09:12:52,,2021-10-23 09:12:00,2021-10-23 18:00:00,0,공사 ,가작5길 삼각동행정복지센터 엘림교회 3차로 주의운전 도로공사 -,126.9000308,35.1981931
2021-10-23 09:13:00,,2021-10-23 09:12:00,2021-10-23 18:00:00,0,공사 ,여의대방로 성남고교입구교차로 대림아파트앞교차로 1차로 주의운전 도로공사 -,126.923949522871,37.5088943597226
2021-10-23 09:13:22,,2021-10-23 09:13:00,2021-10-23 18:00:00,0,공사 ,마들로 창동운동장앞교차로 창동열린극장교차로 1차로 주의운전 도로공사 -,127.05042115864,37.6597118064846
2021-10-23 09:13:52,,2021-10-23 09:00:00,2021-10-23 18:00:00,0,공사 ,읍내길 동래롯데백화점 온천초교 1차로 주의운전 시설물보수 -,129.0791416,35.2110009
2021-10-23 09:13:58,,2021-10-23 09:13:00,2021-10-23 09:43:00,1,사고 ,국가지원지방도68호선 계룡tg 논산tg 1차로 주의운전 차량고장 -,127.1446712,36.1315604
2021-10-23 09:14:14,,2021-10-23 09:14:00,2021-10-23 18:00:00,0,공사 ,국채보상로 서부경찰서앞교차로 신평리네거리 1차로 주의운전 도로공사 -,128.558276799722,35.8713083
2021-10-23 09:14:22,,2021-10-23 09:13:00,2021-10-23 18:00:00,0,공사 ,일반국도17호선 대전역네거리 대전시노숙인상담센터 2,3차로 지체.정체 우려 도로도색 -,127.432395814636,36.3318931740154
2021-10-23 09:14:26,,2021-10-23 09:14:00,2021-10-23 18:00:00,0,공사 ,일반국도1호선 벽제지하차도 벽제지하차도 1차로 주의운전 시설물보수 -,126.8864021,37.6725345
2021-10-23 09:14:57,,2021-10-23 09:14:00,2021-10-23 18:00:00,0,공사 ,월드컵1길 염주체육관 월드컵3 1차로 주의운전 도로공사 -,126.872739,35.1330819
2021-10-23 09:15:06,,2021-10-23 09:15:00,2021-10-23 18:00:00,0,공사 ,여의대방로 성남고교입구 해군회관앞교차로 1차로 주의운전 도로공사 -,126.9222348,37.5050228
2021-10-23 09:15:13,,2021-10-23 09:15:00,2021-10-23 18:00:00,0,공사 ,가나무로 흰돌마을앞 열방교회 1차로 주의운전 시설물보수 -,126.781231158056,37.7542195905481
2021-10-23 09:16:44,,2021-10-23 09:16:00,2021-10-23 18:00:00,0,공사 ,일반국도22호선 상무대로1013 화정사거리 1차로 송전변공사 도로공사 -,126.8749872,35.1517366
2021-10-23 09:16:45,,2021-10-23 09:16:00,2021-10-23 18:00:00,0,공사 ,마들로 도봉경찰서앞교차로 녹천교앞교차로 1차로 주의운전 도로공사 -,127.053344264817,37.6506105997477
2021-10-23 09:17:45,,2021-10-23 09:17:00,2021-10-23 18:00:00,0,공사 ,여의대방로 보라매역앞교차로 소망약국 1차로 주의운전  도로공사 -,126.921304106781,37.5023693504075
2021-10-23 09:18:16,,2021-10-23 09:18:00,2021-10-23 18:00:00,0,공사 ,중앙로 금촌제1광장교차로 한국전력앞 1차로 주의운전 시설물보수 -,126.780405327973,37.7557381895303
2021-10-23 09:18:19,,2021-10-23 09:18:00,2021-10-23 18:00:00,0,공사 ,영동고속도로 동군포IC 동군포IC 1차로 주의운전 도로공사 -,126.937786,37.3282969722222
2021-10-23 09:18:30,,2021-10-23 09:17:00,2021-10-23 18:00:00,0,공사 ,발한로 상하수도공사 부곡삼거리 동호초등학교 1,2차로 진행방향 공사로인해 1,2차로 차단후 공사중, 반대차로이용서행바람 도로공사 -,129.1017269,37.5401712
2021-10-23 09:19:16,,2021-10-23 09:19:00,2021-10-23 18:00:00,0,공사 ,덕릉로66길 창4동어린이집 녹천역입구교차로 1차로 주의운전 도로공사 -,127.054113,37.6445538
2021-10-23 09:19:34,,2021-10-23 09:19:00,2021-10-23 18:00:00,0,공사 ,새벽로 사상알곤용접 NH농협은행사상중앙금융센터 1차로 주의운전 도로공사 -,128.9824561,35.1522481
2021-10-23 09:19:46,,2021-10-23 09:19:00,2021-10-23 18:00:00,0,공사 ,해밀예당3로 광능성당성당동 금곡교 1차로 주의운전 시설물보수 -,127.193925,37.7220222222222
2021-10-23 09:20:50,,2021-10-23 09:20:00,2021-10-23 18:00:00,0,공사 ,문화거리 평리1동행정복지센터 대구비산동우체국 1차로 주의운전 도로공사 -,128.5640573,35.8757980997222
2021-10-23 09:20:53,,2021-10-23 09:00:00,2021-10-23 11:00:00,0,공사 ,사직로 이마회전교차로 경복궁교차로 3차로 주의운전 도로공사 -,126.979294476393,37.5758483080516
2021-10-23 09:21:13,,2021-10-23 09:21:00,2021-10-23 18:00:00,0,공사 ,여의대방로 동일빌딩 보라매공원입구교차로 1차로 주의운전 도로공사 -,126.9181494,37.4973857
2021-10-23 09:22:59,,2021-10-23 09:22:00,2021-10-23 18:00:00,0,공사 ,침산남로 오봉오거리 달산초등학교앞교차로 2차로 도로보수공사 도로공사 -,128.5860268,35.8893092
2021-10-23 09:23:20,,2021-10-23 08:00:00,2021-10-23 20:00:00,2,행사 ,율곡로 경복궁 한국일보문화센타 3차로 주의운전 행사 -,126.98079491928,37.575784967994
2021-10-23 09:23:26,,2021-10-23 09:23:00,2021-10-23 18:00:00,0,공사 ,둔산남로 시청네거리 까치네거리교차로 2차로 지체.정체 우려 도로공사 -,127.385005014625,36.3488982128161
2021-10-23 09:24:20,,2021-10-23 09:24:00,2021-10-23 09:54:00,2,통제 ,가산로7길 신평대일타운 구로아파트 1차로 주의운전 공사 -,126.8896932,37.475887
2021-10-23 09:24:30,,2021-10-23 09:24:00,2021-10-23 18:00:00,0,공사 ,관악로 서울여상 관악구청앞교차로 1차로 주의운전 도로공사 -,126.952975633705,37.4743000731936
2021-10-23 09:24:54,,2021-10-23 09:24:00,2021-10-23 18:00:00,0,공사 ,자성로 좌천삼거리 자성교서측 1차로 주의운전 도로공사 -,129.0545412,35.1336242
2021-10-23 09:25:31,,2021-10-23 09:25:00,2021-10-23 18:00:00,0,공사 ,대남로 이주여성긴급지원센터광주센터 등대교회 3,4차로 주의운전 도로공사 -,126.8926183,35.142793
2021-10-23 09:25:56,,2021-10-23 09:00:00,2021-10-23 15:00:00,1,사고 ,성천로 유천IC교차로북측 유천IC교차로남측 3차로 주의운전 교통사고 -,128.500336587233,35.810100050101
2021-10-23 09:25:57,,2021-10-23 09:25:00,2021-10-23 09:55:00,2,통제 ,한천로 번동사거리 예일산부인과의원 2차로 주의운전  공사 -,127.031085968755,37.637290757991
2021-10-23 09:26:28,,2021-10-23 09:26:00,2021-10-23 18:00:00,0,공사 ,번영로 군포서부교회 송부파출소 1차로 주의운전 도로공사 -,126.939638,37.325896
2021-10-23 09:27:17,,2021-10-23 09:26:00,2021-10-23 18:00:00,0,공사 ,반월길 방죽네거리 파랑새네거리 2차로 인도 보수공사중 주의운전 도로공사 -,127.379346,36.3550702
2021-10-23 09:29:19,,2021-10-23 09:29:00,2021-10-23 18:00:00,0,공사 ,동일로 장안중교 중화역앞교차로 3차로 주의운전 도로공사 -,127.079728008672,37.6007711561353
2021-10-23 09:29:24,,2021-10-23 09:29:00,2021-10-23 18:00:00,0,공사 ,과천대로 안양판교로26 안양시동안구과천시 1차로 주의운전 도로공사 -,126.977434114396,37.4028873053805
2021-10-23 09:30:15,,2021-10-23 09:30:00,2021-10-23 18:00:00,0,공사 ,월계로 청운맨션 예수꿈사랑교회 1차로 주의운전 도로공사 -,127.0476272,37.6230615
2021-10-23 09:30:20,,2021-10-23 09:30:00,2021-10-23 18:00:00,0,공사 ,청계천로 청계7가사거리 청계6가사거리 1차로 주의운전 도로공사 -,127.0157794,37.5700647
2021-10-23 09:32:02,,2021-10-23 09:31:00,2021-10-23 18:00:00,0,공사 ,경명로 빈정내사거리 공촌사거리 1차로 주의운전 도로공사 -,126.674586765276,37.552230668442
2021-10-23 09:32:48,,2021-10-23 09:32:00,2021-10-23 18:00:00,0,공사 ,안심큰길 대구은행안심지점 반야월역 1차로 주의운전 도로공사 -,128.70919,35.872284
2021-10-23 09:33:15,,2021-10-23 09:33:00,2021-10-23 18:00:00,0,공사 ,월계로 상아A빌딩 북서울꿈의숲동문앞교차로 1차로 주의운전 도로공사 -,127.0448573,37.6198958
2021-10-23 09:33:26,,2021-10-23 09:33:00,2021-10-23 18:00:00,0,공사 ,우이천로 우이교앞교차로 한일병원 1차로 주의운전 도로공사 -,127.0310074,37.6432839
2021-10-23 09:34:08,,2021-10-23 09:34:00,2021-10-23 18:00:00,0,공사 ,거제천로 부산은행연서지점 과정삼거리 1차로 주의운전 도로공사 -,129.087952,35.1918036
2021-10-23 09:34:33,,2021-10-23 09:34:00,2021-10-23 18:00:00,0,공사 ,중봉대로 공촌1교 경서삼거리 1차로 주의운전 도로공사 -,126.650169620686,37.5524004641332
2021-10-23 09:34:53,,2021-10-23 09:34:00,2021-10-23 18:00:00,0,공사 ,일반국도42호선 진양삼거리 흥양교차로 1차로 주의운전 도로공사 -,127.9860471,37.389252
2021-10-23 09:35:07,,2021-10-23 09:00:00,2021-10-23 12:00:00,0,공사 ,일반국도14호선 내성교차로 내성교차로 3차로 주의운전 도로공사 -,129.0783678,35.2042244
2021-10-23 09:35:23,,2021-10-23 09:35:00,2021-10-23 18:05:00,2,행사 ,탄천로 성남동1750 모란형제농원 1차로 주의운전 행사 -,127.11875,37.4306529722222
2021-10-23 09:35:40,,2021-10-23 09:35:00,2021-10-23 18:00:00,0,공사 ,남동대로 남동고가교 전재울사거리 1차로 주의운전 도로공사 -,126.7101715,37.4408099
2021-10-23 09:35:54,,2021-10-23 09:35:00,2021-10-23 18:00:00,0,공사 ,월암로 대천동1016 조암네거리 3차로 주의운전 도로공사 -,128.517005227778,35.8204489111111
2021-10-23 09:36:01,,2021-10-23 09:00:00,2021-10-23 16:00:00,0,공사 ,일반국도7호선 중앙동사거리 중부경찰서삼거리 1차로 주의운전 도로공사 -,129.0362145,35.1053572
2021-10-23 09:36:57,,2021-10-23 09:36:00,2021-10-23 18:00:00,0,공사 ,월평서로 월평로13번길36 월평초등학교병설유치원 3차로 도로공사중 주의운전 도로공사 -,127.3575111,36.3567198
2021-10-23 09:37:08,,2021-10-23 09:37:00,2021-10-23 10:07:00,1,사고 ,인주로 구룡사거리 주민교회 4차로 주의운전 교통사고 -,126.729134,37.4485673
2021-10-23 09:37:27,,2021-10-23 09:37:00,2021-10-23 18:00:00,0,공사 ,은청로 스텔라마리나호텔 우광산업 1차로 주의운전 도로공사 -,126.7084016,37.4005801
2021-10-23 09:37:33,,2021-10-23 09:37:00,2021-10-23 18:00:00,0,공사 ,화랑로 화정1교사거리 단원구청삼거리 3차로 주의운전 도로공사 -,126.8183277,37.3217544
2021-10-23 09:37:44,,2021-10-23 09:37:00,2021-10-23 18:00:00,0,공사 ,회월3길 행복한장로교회 태경리드 진행방향 전체차로 주의운전 하수관거 작업 -,126.8950041,35.1335795
2021-10-23 09:38:19,,2021-10-23 09:38:00,2021-10-23 18:00:00,0,공사 ,남부관광로 향양삼거리 향양교차로 1차로 차선좁아짐  도로공사 -,126.9220263,34.6764674
2021-10-23 09:39:09,,2021-10-23 09:39:00,2021-10-23 18:00:00,0,공사 ,김해대로 김해터미널앞교차로 외동전자랜드삼거리 3차로 주의운전 도로공사 -,128.8736677,35.2278781
2021-10-23 09:39:23,,2021-10-23 09:38:00,2021-10-23 18:00:00,0,공사 ,일반국도32호선 한밭대입구삼거리 덕송초등학교앞 1차로 지체.정체 우려 도로도색 -,127.304022343157,36.3605360732622
2021-10-23 09:39:30,,2021-10-23 09:39:00,2021-10-23 18:00:00,0,공사 ,을숙도대로 장림고개삼거리 구평초교삼거리 1차로 주의운전 도로공사 -,128.986281387654,35.0856566433808
2021-10-23 09:40:32,,2021-10-23 09:40:00,2021-10-23 10:10:00,1,사고 ,경인로 고척교 위 동양미래대학앞교차로 4차로 주의운행 교통사고 서울청,126.871147291788,37.4990816693963
2021-10-23 09:42:33,,2021-10-23 09:42:00,2021-10-23 18:00:00,0,공사 ,지방도317호선 오산동96257 동탄신리천로1 1차로 주의운전 시설물보수 -,127.0931895,37.1852821
2021-10-23 09:42:34,,2021-10-23 09:42:00,2021-10-23 18:00:00,0,공사 ,동탄신리천로 더샵센트럴시티2차 동탄신리천로2 1차로 주의운전 도로공사 -,127.0893068,37.1870248
2021-10-23 09:42:38,,2021-10-23 09:42:00,2021-10-23 18:00:00,0,공사 ,독배로 송도육교 비룡삼거리 1차로 주의운전 도로공사 -,126.6491854,37.448161
2021-10-23 09:43:00,,2021-10-23 09:42:00,2021-10-23 10:12:00,1,사고 ,올림픽대로 동작대교  반포대교  4차로 주의운전  교통사고 서울청,126.991981210301,37.5068777929782
2021-10-23 09:43:40,,2021-10-23 09:42:00,2021-10-23 10:59:00,1,사고 ,화곡로 화곡역 강서양천교육지원청입구 3차로 화물차-택시. 후미 지체 교통사고 서울청,126.839906466175,37.5415437322851
2021-10-23 09:43:44,,2021-10-23 09:43:00,2021-10-23 13:00:00,0,공사 ,일반국도43호선 청양교차로 김화교차로 1차로 주의운전 시설물보수 -,127.3392608,38.2015438
2021-10-23 09:44:50,,2021-10-23 09:44:00,2021-10-23 11:00:00,0,공사 ,안암로 안암오거리 안암2교교차로 2차로 주의운전 도로공사 -,127.028484535133,37.5820224772968
2021-10-23 09:46:08,,2021-10-23 09:45:00,2021-10-23 10:59:00,1,사고 ,언주로 구룡터널안 성수대교 1차로 지체 교통사고 서울청,127.068761285764,37.4660423883696
2021-10-23 09:46:16,,2021-10-23 09:45:00,2021-10-23 11:00:00,1,사고 ,삼청로 이마빌딩 동십자 사거리 1차로 주의운전 교통사고 -,126.9795121,37.5759923
2021-10-23 09:46:52,,2021-10-23 09:46:00,2021-10-23 18:00:00,0,공사 ,금곡고등학교 앞 다산동 남양주시청 1차로 주의운전 도로공사 -,127.2142109,37.6353174
2021-10-23 09:46:54,,2021-10-23 09:46:00,2021-10-23 18:00:00,0,공사 ,경춘로 마석교 마석교 2차로 주의운전 도로공사 -,127.3080912,37.651463
2021-10-23 09:47:07,,2021-10-23 09:46:00,2021-10-23 16:00:00,0,공사 ,안암로 안암오거리 대광고등학교 2차로 주의운전 시설물보수 -,127.025981862164,37.580260694459
2021-10-23 09:47:56,,2021-10-23 09:47:00,2021-10-23 18:00:00,0,공사 ,중앙대로 터미널사거리 중앙역사거리 1차로 주의운전 도로공사 -,126.821882477525,37.3188134638082
2021-10-23 09:48:05,,2021-10-23 09:48:00,2021-10-23 18:00:00,0,공사 ,제2자유로 워시박스상암점 국방대앞삼거리 1차로 주의운전 도로공사 -,126.8761355,37.5819875
2021-10-23 09:49:31,,2021-10-23 09:49:00,2021-10-23 18:00:00,0,공사 ,위례중앙로 장지터널서측 장지터널동측 1차로 장지교사거리 도로공사 도로공사 -,127.126357845004,37.4757277268969
2021-10-23 09:49:58,,2021-10-23 09:49:00,2021-10-23 10:19:00,2,기상 ,당진영덕고속도로 낙동JC 상주JC 진행방향 전체차로 82kmkm(상주JC방향) 안개로운행주의 기상 반대 차선 확인 요망,128.264437,36.3746512
2021-10-23 09:51:05,,2021-10-23 09:51:00,2021-10-23 10:21:00,1,사고 ,서울외곽순환고속도로 장수IC북측 송내IC남측 1차로 0km(송내IC방향) 주의운전 교통사고 -,126.7505642,37.4786285
2021-10-23 09:52:10,,2021-10-23 09:52:00,2021-10-23 18:00:00,0,공사 ,대덕산로 워시박스상암점 양천구자원봉사센터 1차로 주의운전 도로공사 -,126.8729667,37.5820421
2021-10-23 09:52:12,,2021-10-23 09:51:00,2021-10-23 18:00:00,0,공사 ,천호대로 산경빌딩 성내동16052 2,3차로 주의운전  도로공사 -,127.129833721616,37.536607361647
2021-10-23 09:54:32,,2021-10-23 09:54:00,2021-10-23 18:00:00,0,공사 ,어등대로 송정선민교회 선운지하차도 3차로 주의운전 도로공사 -,126.786388888889,35.1511111111111
2021-10-23 09:55:33,,2021-10-23 09:55:00,2021-10-23 18:00:00,0,공사 ,한천로 예일산부인과의원 번동사거리 2차로 주의운전  도로공사 -,127.030964150719,37.6372344784559
2021-10-23 09:57:18,,2021-10-23 09:57:00,2021-10-23 18:00:00,0,공사 ,양산택지로 생명교회 생명교회 1차로 주의운전 도로공사 -,126.8802422,35.2169387
2021-10-23 09:57:33,,2021-10-23 09:56:00,2021-10-23 18:00:00,0,공사 ,절영로 부산남고교삼거리 행복한교회 1차로 연립주택 도색작업으로 하위차로 부분통제  도로공사 -,129.0687862,35.0706480997222
2021-10-23 09:59:10,,2021-10-23 09:59:00,2021-10-23 10:29:00,1,사고 ,지방도334호선 보산동4341 상패로1351 1차로 주의운전 차량고장 -,127.0564096,37.9179104
2021-10-23 09:59:39,,2021-10-23 09:59:00,2021-10-23 18:00:00,0,공사 ,유성대로 방현동349 화암네거리 3차로 지체.정체 우려 도로공사 교통섬관련작업,127.375148128703,36.4073569819651
2021-10-23 09:59:41,,2021-10-23 09:59:00,2021-10-23 18:00:00,0,공사 ,월계로 방천시장입구교차로 동성자동차공업주 1차로 주의운전 도로공사 -,127.0338439,37.6108101
2021-10-23 10:00:26,,2021-10-23 09:59:00,2021-10-23 18:00:00,0,공사 ,양천로 강서구청가양동별관교차로 가양역사거리 3차로 주의운전 도로공사 -,126.858393,37.5595081
2021-10-23 10:01:44,,2021-10-23 10:01:00,2021-10-23 18:00:00,0,공사 ,선릉로 개포시립도서관입구교차로 개포고교앞교차로 1차로 주의운전 도로공사 -,127.059655199722,37.4834664997222
2021-10-23 10:02:14,,2021-10-23 10:02:00,2021-10-23 18:00:00,0,공사 ,호계로 상안교사거리 시장2리사거리 1차로 주의운전 도로공사 -,129.351608466667,35.6255335361111
2021-10-23 10:02:39,,2021-10-23 07:30:00,2021-10-23 18:00:00,0,공사 ,리버사이드 건너편 도로 금강교차로 이마트사거리 1차로 주의운전 도로공사 -,126.9757785,35.946881
2021-10-23 10:03:02,,2021-10-23 10:03:00,2021-10-23 18:00:00,0,공사 ,운하로289번길 라온섬유 장현교차로 1차로 주의운전 도로공사 -,127.021086,37.8925817
2021-10-23 10:03:12,,2021-10-23 10:02:00,2021-10-23 18:00:00,0,공사 ,오류로 오류동교차로 오류지하차도 1차로 주의운전 도로공사 -,126.8406048,37.4929152
2021-10-23 10:03:34,,2021-10-23 10:00:00,2021-10-23 18:00:00,2,통제 ,덕수궁길 차 없는 거리 대한문 원형분수대 1차로 주의운전 공사 -,126.9771475,37.5649231
2021-10-23 10:04:43,,2021-10-23 10:04:00,2021-10-23 10:34:00,2,행사 ,덕암북로 석봉네거리 신탄진네거리 3차로 신탄진5일장 행사 -,127.4233866,36.4502101
2021-10-23 10:04:56,,2021-10-23 10:04:00,2021-10-23 18:00:00,0,공사 ,신향등길 하늘정순교회 효천2교 진행방향 전체차로 주의운전 도로공사 -,126.8792023,35.0992173
2021-10-23 10:05:00,,2021-10-23 10:05:00,2021-10-23 18:00:00,0,공사 ,영등포로 영등포로터리 선한치과 1차로 주의운전 도로공사 -,126.909638680556,37.5190513888889
2021-10-23 10:05:22,,2021-10-23 10:05:00,2021-10-23 18:00:00,0,공사 ,중교로 전통다원차야 중구보건지소네거리 1차로 주의운전 도로공사 -,127.4233444,36.3262898
2021-10-23 10:05:37,,2021-10-23 10:05:00,2021-10-23 18:00:00,0,공사 ,국회대로 영등포경찰서사거리 영등포구청앞교차로 1차로 주의운전 도로공사 -,126.9017678,37.5264294
2021-10-23 10:06:33,,2021-10-23 10:06:00,2021-10-23 10:36:00,2,통제 ,수레로 창현아파트단지입구교차로 리우커피 1차로 주의운전 공사 -,127.3010717,37.6518924
2021-10-23 10:06:48,,2021-10-23 10:06:00,2021-10-23 23:00:00,0,공사 ,일반국도1호선 온천리3852 박정자삼거리 진행방향 전체차로 주의운전  도로공사 반대 차선 확인 요망,127.2612585,36.3707716
2021-10-23 10:08:44,,2021-10-23 10:07:00,2021-10-23 10:59:00,1,사고 ,개화동로 개화검문소 행주대교남단 3차로 4차로 승용차2-화물차. 후미 서행 교통사고 서울청,126.802336073773,37.5901270178671
2021-10-23 10:08:55,,2021-10-23 10:07:00,2021-10-23 18:00:00,0,공사 ,경부고속도로 남구미TG 오태동삼거리 진행방향 전체차로 구미톨게이트 진입,출구부kmkm(방향) 주의운전 도로공사 반대 차선 확인 요망,128.3732973,36.0722878
2021-10-23 10:10:27,,2021-10-23 10:10:00,2021-10-23 18:00:00,0,공사 ,대종로 대종로네거리 향국선원 1차로 주의운전 도로공사 -,127.4187042,36.335135
2021-10-23 10:11:07,,2021-10-23 10:11:00,2021-10-23 18:00:00,0,공사 ,여의나루로 여의도역앞교차로 광장아파트앞 1차로 주의운전 도로공사 -,126.922947474186,37.5209536439314
2021-10-23 10:11:29,,2021-10-23 10:10:00,2021-10-23 18:00:00,0,공사 ,일반국도3호선 장지교 사거리 분당수서로 1차로 주의운전 시설물보수 -,127.1261103,37.4770301
2021-10-23 10:12:14,,2021-10-23 10:12:00,2021-10-23 18:00:00,0,공사 ,지방도375호선 은현면사무소앞 장현교차로 1차로 주의운전 도로공사 -,127.0233786,37.8792183
2021-10-23 10:12:20,,2021-10-23 10:12:00,2021-10-23 18:00:00,0,공사 ,목동길 목동네거리 말망산네거리 1차로 주의운전 도로공사 -,127.4133033,36.3345776
2021-10-23 10:14:21,,2021-10-23 10:14:00,2021-10-23 18:00:00,0,공사 ,을숙도대로 CUE1알뜰주유소점 GS25장림하신점 1차로 주의운전 도로공사 -,128.969278,35.085467
2021-10-23 10:14:24,,2021-10-23 10:14:00,2021-10-23 18:00:00,0,공사 ,장등로 북앤빅뱅광주점 셀디스터디카페조선대본점 1차로 주의운전 도로공사 -,126.9276673,35.1469616
2021-10-23 10:15:11,,2021-10-23 10:15:00,2021-10-23 18:00:00,0,공사 ,논현로 구룡사앞교차로 국악고교앞교차로 1차로 주의운전 시설물보수 -,127.051295699722,37.4721698
2021-10-23 10:15:29,,2021-10-23 10:15:00,2021-10-23 18:00:00,0,공사 ,율하1로 수남중학교앞 김해서부복합문화센터 1차로 주의운전 시설물보수 -,128.8234657,35.1698175
2021-10-23 10:16:06,,2021-10-23 10:15:00,2021-10-23 10:59:00,1,사고 ,올림픽대로 동작대교 반포대교 4차로 승용차 관련. 후미 지체 교통사고 서울청,126.991449664475,37.5066660195033
2021-10-23 10:16:59,,2021-10-23 10:16:00,2021-10-23 18:00:00,0,공사 ,오리로 천왕역환승센터앞교차로 오남중학교 2차로 주의운전  도로공사 -,126.838881900049,37.4865473652629
2021-10-23 10:18:23,,2021-10-23 10:17:00,2021-10-23 18:00:00,0,공사 ,남부순환로 외발산지하차도북측 공항천주교앞교차로 3차로 주의운전 도로공사 -,126.812971786707,37.5546496984503
2021-10-23 10:19:12,,2021-10-23 10:19:00,2021-10-23 18:00:00,0,공사 ,도안동로 도안동1493 도안계룡리슈빌 3차로 주의운전 시설물보수 -,127.3477348,36.317728
2021-10-23 10:19:20,,2021-10-23 09:19:00,2021-10-23 18:00:00,0,공사 ,호국로 국우터널 국우터널 1차로 주의운전 도로공사 -,128.5922044,35.9363314
2021-10-23 10:19:24,,2021-10-23 10:19:00,2021-10-23 18:00:00,0,공사 ,미장로 세월천사거리 청천사거리 1차로 주의운전 도로공사 -,126.7040511,37.5143666
2021-10-23 10:20:00,,2021-10-23 10:19:00,2021-10-23 18:00:00,0,공사 ,일반국도32호선 덕명동752 새에덴교회 1차로 현충원에서 덕명네거리방향 공사로 운행에 유의 도로공사 -,127.298449138101,36.3604794003041
2021-10-23 10:20:01,,2021-10-23 10:19:00,2021-10-23 10:49:00,2,행사 ,상무대로 광주송정역삼거리 광산구보건소 4차로 주의운전 행사 -,126.791973,35.137915
2021-10-23 10:22:05,,2021-10-23 10:21:00,2021-10-23 18:00:00,0,공사 ,일반국도32호선 새에덴교회 갑동제1교 1차로 현충원삼거리에서 공주방향 삽제오르막공사로 주의운행 도로공사 -,127.291192621061,36.3602015622313
2021-10-23 10:22:17,,2021-10-23 10:19:00,2021-10-23 10:59:00,1,사고 ,동부간선도로 중랑교 장안교 2차로 승용차-승용차.후미 지체 교통사고 서울청,127.070571698517,37.5880414713345
2021-10-23 10:22:25,,2021-10-23 10:22:00,2021-10-23 18:00:00,0,공사 ,일반국도22호선 학동휴먼시아아파트 학동삼거리 1차로 주의운전 시설물보수 -,126.927125791667,35.1346481
2021-10-23 10:23:44,,2021-10-23 10:23:00,2021-10-23 18:00:00,0,공사 ,목동길 말망산네거리 목동네거리 1차로 주의운전 도로공사 -,127.4149055,36.3335575
2021-10-23 10:24:17,,2021-10-23 10:24:00,2021-10-23 18:00:00,0,공사 ,강화대로 강화읍사무소앞 우리은행앞 1차로 주의운전 시설물보수 -,126.4818075,37.7476366
2021-10-23 10:24:32,,2021-10-23 10:23:00,2021-10-23 10:59:00,1,사고 ,올림픽대로 한강철교 한강대교 4차로 승용차 관련. 후미 지체 교통사고 서울청,126.949958414094,37.5160892443716
2021-10-23 10:24:42,,2021-10-23 10:24:00,2021-10-23 18:00:00,0,공사 ,도안동로 도안계룡리슈빌 도안동1493 3차로 주의운전 시설물보수 -,127.3482523,36.3207141
2021-10-23 10:24:48,,2021-10-23 10:23:00,2021-10-23 10:53:00,1,사고 ,강변북로 가양대교 난지IC 2차로 주의운전  고장 차량 서울청,126.885751024294,37.5631803843728
2021-10-23 10:25:01,,2021-10-23 10:24:00,2021-10-23 18:00:00,0,공사 ,애향로 덕천교앞교차로 전파교교차로 1차로 주의운전 도로공사 -,126.940629299722,37.3902502997222
2021-10-23 10:25:15,,2021-10-23 10:25:00,2021-10-23 18:00:00,0,공사 ,일반국도43호선 시민로350 306보충대앞교차로 3차로 주의운전 도로공사 -,127.078931,37.7339524
2021-10-23 10:27:04,,2021-10-23 10:27:00,2021-10-23 18:00:00,0,공사 ,일반국도38호선 공도삼거리 주은풍림아파트앞교차로 1차로 주의운전 도로공사 -,127.1608389,36.9979264997222
2021-10-23 10:27:57,,2021-10-23 10:27:00,2021-10-23 18:00:00,0,공사 ,중앙로 왜관 1대교에서 왜관시장(1번도로)방면 진행방향 전체차로 왜관 1대교에서 왜관시장(1번도로)방면 지중화공사 도로공사 반대 차선 확인 요망,128.3974784,35.998848
2021-10-23 10:28:30,,2021-10-23 10:28:00,2021-10-23 10:58:00,1,사고 ,경부고속도로 반포IC 서초IC 4차로 주의운전 교통사고 -,127.023796240234,37.4890627714401
2021-10-23 10:29:41,,2021-10-23 10:29:00,2021-10-23 18:00:00,0,공사 ,도안동로 옥녀봉네거리 옥녀봉삼거리 3차로 주의운전 시설물보수 -,127.3477821,36.3259713
2021-10-23 10:30:06,,2021-10-23 10:29:00,2021-10-23 17:59:00,2,통제 ,일반국도17호선 읍내삼거리 읍내네거리 3차로 하수관로 매설공사로 후미 안전운전요망 공사 -,127.4238687,36.3798176
2021-10-23 10:31:18,,2021-10-23 10:31:00,2021-10-23 11:01:00,1,사고 ,우암로 성남네거리 성남교 1차로 주의운전 교통사고 -,127.4374551,36.3415438
2021-10-23 10:32:14,,2021-10-23 10:31:00,2021-10-23 11:01:00,1,사고 ,남부순환로 원당초교사거리 낙성대 1차로 주의운전 교통사고 -,126.94230314356,37.4709078669897
2021-10-23 10:32:54,,2021-10-23 10:32:00,2021-10-23 11:02:00,1,사고 ,서해로 항동7가서해대로33 남항교차로 5차로 비상등점등 차량고장 -,126.6169773,37.4330021
2021-10-23 10:33:08,,2021-10-23 10:33:00,2021-10-23 18:00:00,0,공사 ,천변우로 학림교 남광주고가차도 4차로 주의운전 도로공사 -,126.922233425,35.1361551222222
2021-10-23 10:33:52,,2021-10-23 10:33:00,2021-10-23 11:03:00,1,사고 ,범안로64길 광교마을사거리 광교유타워 1차로 주의운전 교통사고 -,127.0683172,37.2958355
2021-10-23 10:35:05,,2021-10-23 10:35:00,2021-10-23 18:00:00,0,공사 ,우암로 시온성결교회 동부네거리 1차로 주의운전 도로공사 -,127.4416245,36.3434263
2021-10-23 10:35:33,,2021-10-23 10:35:00,2021-10-23 18:00:00,0,공사 ,아리랑길 호평IC 하늘빛어린이집 1차로 주의운전 도로공사 -,127.23936,37.6604511997222
2021-10-23 10:35:53,,2021-10-23 10:35:00,2021-10-23 18:00:00,0,공사 ,지방도1077호선 다복주유소 내송삼거리 1차로 주의운전 도로공사 -,129.0522415,35.3259628
2021-10-23 10:36:25,,2021-10-23 10:35:00,2021-10-23 11:00:00,1,사고 ,돗길로 봉월사거리 월평성당앞 1차로 3중 추돌 교통사고로 1차로 교통통제 중임 교통사고 -,129.3082875,35.5369582
2021-10-23 10:36:42,,2021-10-23 10:36:00,2021-10-23 11:06:00,1,사고 ,장제로 가나안축산 신복사거리 3차로 주의운전 교통사고 -,126.731067401322,37.508735218006
2021-10-23 10:37:39,,2021-10-23 10:37:00,2021-10-23 18:00:00,0,공사 ,계양대로 상복개천 청운교회 4차로 주의운전 시설물보수 -,126.7227119,37.5394676
2021-10-23 10:38:12,,2021-10-23 10:36:00,2021-10-23 11:59:00,1,사고 ,테헤란로 포스코사거리 선릉역 4차로 후미 지체  교통사고 서울청,127.051595182465,37.5053756337565
2021-10-23 10:38:42,,2021-10-23 10:38:00,2021-10-23 18:00:00,0,공사 ,미추홀대로 주안역삼거리 식약청 1차로 주의운전 도로공사 -,126.6803475,37.4632461
2021-10-23 10:39:14,,2021-10-23 10:39:00,2021-10-23 18:00:00,0,공사 ,도안대로 용계동689 용계동688 1차로 주의운전 도로공사 -,127.3327638,36.3275455
2021-10-23 10:39:28,,2021-10-23 10:39:00,2021-10-23 18:00:00,0,공사 ,계양대로 부평향교 경인교대역 4차로 주의운전 시설물보수 -,126.7227313,37.5390292
2021-10-23 10:40:36,,2021-10-23 10:40:00,2021-10-23 18:00:00,0,공사 ,내송로 고향집 공룡박물관입구 1차로 주의운전 도로공사 -,129.0673102,35.3194505
2021-10-23 10:41:24,,2021-10-23 10:41:00,2021-10-23 18:00:00,0,공사 ,삼막로 석수동산144 삼막사거리 1차로 주의운전 도로공사 -,126.9178164,37.4307025997222
2021-10-23 10:41:47,,2021-10-23 10:41:00,2021-10-23 18:00:00,0,공사 ,일반국도37호선 궁평1리 청산김치앞 1차로 주의운전 도로공사 -,127.1085884,38.0317866
2021-10-23 10:42:04,,2021-10-23 10:41:00,2021-10-23 18:00:00,0,공사 ,자양로 울타리교회 프랑세즈사주카페 1차로 주의운전 도로공사 -,127.447816853554,36.3414813932506
2021-10-23 10:42:48,,2021-10-23 10:42:00,2021-10-23 11:12:00,2,통제 ,내송로 내송교 내송삼거리 1차로 주의운전 공사 -,129.0630518,35.3226637
2021-10-23 10:43:30,,2021-10-23 10:42:00,2021-10-23 18:00:00,0,공사 ,금곡대로 화명동2324 화정초등학교 1차로 서행중 도로공사 -,129.0099152,35.2187925
2021-10-23 10:43:43,,2021-10-23 10:42:00,2021-10-23 11:12:00,1,사고 ,올림픽대로 월드컵대교  가양대교  1차로 주의운전  교통사고 서울청,126.867555593225,37.5605169514123
2021-10-23 10:44:11,,2021-10-23 10:44:00,2021-10-23 18:00:00,0,공사 ,일반국도7호선 신답삼거리 상안교사거리 1차로 주의운전 도로공사 -,129.347869933333,35.6296373861111
2021-10-23 10:44:14,,2021-10-23 10:44:00,2021-10-23 18:00:00,0,공사 ,충원대로 터미널삼거리 탄금대로157 1차로 주의운전 도로공사 -,127.9133733,36.9819214997222
2021-10-23 10:44:42,,2021-10-23 10:44:00,2021-10-23 18:00:00,0,공사 ,주안로 주안역지구대 도화초교사거리 3차로 주의운전 도로공사 -,126.6754574,37.4642506
2021-10-23 10:45:04,,2021-10-23 10:44:00,2021-10-23 18:00:00,0,공사 ,일반국도14호선 일광교차로 교리삼거리 1차로 주의운전 도로공사 -,129.220089782512,35.2566574278837
2021-10-23 10:46:01,,2021-10-23 10:45:00,2021-10-23 18:00:00,0,공사 ,홍도고가 홍도고가 홍도고가 1차로 주의운전 시설물보수 -,127.4264059,36.3440568
2021-10-23 10:46:57,,2021-10-23 10:46:00,2021-10-23 11:16:00,1,사고 ,사임당로 제우교역 교대입구교차로 1차로 주의운전 교통사고 -,127.009747386358,37.4874422338146
2021-10-23 10:47:15,,2021-10-23 10:46:00,2021-10-23 11:16:00,1,사고 ,서울양양고속도로 남춘천TG 동홍천TG 1차로 51km(조양IC방향) 주의운전 교통사고 -,127.754468,37.7602745
2021-10-23 10:48:16,,2021-10-23 10:48:00,2021-10-23 18:00:00,0,공사 ,활어촌길 호정수산 포항영일상회 1차로 주의운전 도로공사 -,129.1236234,35.1555356
2021-10-23 10:48:23,,2021-10-23 10:48:00,2021-10-23 18:00:00,0,공사 ,일반국도42호선 운연삼거리 원하나 1차로 주의운전 도로공사 -,126.7617353,37.4424506
2021-10-23 10:49:21,,2021-10-23 10:49:00,2021-10-23 18:00:00,0,공사 ,일반국도35호선 남부지하차도 9번교차로 1차로 주의운전 도로공사 -,129.0356599,35.338024
2021-10-23 10:49:26,,2021-10-23 10:48:00,2021-10-23 11:59:00,1,사고 ,새문안로3길 경복궁역 서울지방경찰청 2차로 승용차 관련. 후미 서행 교통사고 서울청,126.972616104701,37.5752833021253
2021-10-23 10:49:47,,2021-10-23 10:49:00,2021-10-23 11:19:00,1,사고 ,경부고속도로 양산IC 통도사IC 1차로 0km(통도사IC방향) 주의운전 교통사고 -,129.0780833,35.4484296
2021-10-23 10:50:11,,2021-10-23 10:50:00,2021-10-23 18:00:00,0,공사 ,궁동로 어양주공7단지703동 어양주공8단지803동 1차로 주의운전 도로공사 -,126.9839719,35.9625214
2021-10-23 10:50:26,,2021-10-23 10:50:00,2021-10-23 18:00:00,2,행사 ,일반국도48호선 세종로168 미국대사관 1차로 주의운전 집회 -,126.9772135,37.5716918
2021-10-23 10:51:49,,2021-10-23 10:51:00,2021-10-23 18:00:00,0,공사 ,일곡중앙길 일곡소망교회 주본교회 2차로 주의운전 도로공사 -,126.9006257,35.2062988
2021-10-23 10:54:18,,2021-10-23 10:54:00,2021-10-23 11:24:00,1,사고 ,개화동로21길 개화지하차도북측 개화동로21길30 1차로 주의운전 교통사고 -,126.8050046,37.5707797
2021-10-23 10:54:54,,2021-10-23 10:54:00,2021-10-23 18:00:00,0,공사 ,일반국도1호선 현대2차아파트 사거리 방면 현대2차아파트 사거리 1차로 공사 중으로 서행안전 주의 바랍니다 도로공사 -,126.8717447,35.5567091
2021-10-23 10:55:46,,2021-10-23 10:55:00,2021-10-23 11:25:00,1,사고 ,일반국도1호선 예술공원사거리 유원지고가차도 1차로 주의운전 교통사고 -,126.913357399722,37.4167952
2021-10-23 10:56:43,,2021-10-23 10:56:00,2021-10-23 18:00:00,0,공사 ,일반국도17호선 삼성네거리 대전시노숙인상담센터 1차로 주의운전 도로공사 -,127.4303302,36.3363866
2021-10-23 10:57:07,,2021-10-23 10:57:00,2021-10-23 18:00:00,0,공사 ,중동로 경향신문 수돗길사거리 1차로 주의운전 도로공사 -,126.7699536,37.5125255
2021-10-23 10:57:21,,2021-10-23 10:54:00,2021-10-23 11:24:00,1,사고 ,올림픽대로 월드컵대교  성산대교분기점 1차로 주의운전  교통사고 서울청,126.884871202262,37.5501826482018
2021-10-23 10:57:49,,2021-10-23 10:57:00,2021-10-23 18:00:00,0,공사 ,중동로 경향신문 신흥시장사거리 1차로 주의운전 도로공사 -,126.7701527,37.5148869
2021-10-23 11:00:52,,2021-10-23 10:59:00,2021-10-23 11:29:00,1,사고 ,가산로9길 구로아파트 삼성물산 양방향 전체차로 주의운전 화재 서울청,126.889445100515,37.4759668404711
2021-10-23 11:02:24,,2021-10-23 11:02:00,2021-10-23 18:00:00,0,공사 ,우산11로 광주은행월곡동지점 데일리펫 1차로 주의운전 도로공사 -,126.8124758,35.1627605
2021-10-23 11:02:56,,2021-10-23 11:02:00,2021-10-23 18:00:00,0,공사 ,연현로 문형동삼거리 연현로113 1차로 주의운전 도로공사 -,126.903221,37.43515
2021-10-23 11:04:12,,2021-10-23 11:04:00,2021-10-23 11:34:00,1,사고 ,잠원로 반포제1동새마을회관 삼호가든사거리 1차로 주의운전 교통사고 -,127.0097235,37.5054723
2021-10-23 11:06:31,,2021-10-23 11:06:00,2021-10-23 18:00:00,0,공사 ,일반국도36호선 남곡1통 남곡사거리 1차로 주의운전 도로공사 -,126.5711113,36.3372959
2021-10-23 11:09:29,,2021-10-23 11:08:00,2021-10-23 11:59:00,1,사고 ,동부간선도로 복정 수서IC 1차로 승용차 관련. 후미 지체 교통사고 서울청,127.108844697438,37.4855236249018
2021-10-23 11:09:55,,2021-10-23 11:09:00,2021-10-23 11:39:00,1,사고 ,일반국도6호선 메뜰사거리 서울우유 2차로 주의운전 교통사고 -,126.7359117,37.5255235
2021-10-23 11:12:34,,2021-10-23 11:12:00,2021-10-23 11:42:00,1,사고 ,제물량로 인천역사거리 신포사거리 2차로 비상등점등 차량고장 -,126.6312615,37.458976
2021-10-23 11:14:10,,2021-10-23 11:14:00,2021-10-23 18:00:00,0,공사 ,마치로 화도농협녹촌지점 마석가구공단입구 1차로 주의운전 시설물보수 -,127.2813096,37.654461
2021-10-23 11:14:33,,2021-10-23 11:13:00,2021-10-23 11:59:00,1,사고 ,동남로 E마트교차로 광문고교 3차로 승용차-승용차. 후미 지체 교통사고 서울청,127.156677404412,37.5555700928266
2021-10-23 11:14:37,,2021-10-23 11:14:00,2021-10-23 18:00:00,0,공사 ,중앙고속도로 남제천IC동측 남제천IC앞교차로 1차로 0km(방향) 주의운전 도로공사 -,128.1850907,37.0746942
2021-10-23 11:14:40,,2021-10-23 11:14:00,2021-10-23 18:00:00,0,공사 ,일반국도21호선 사래육교 초사교차로 1차로 주의운전 도로공사 -,126.979516,36.7482309722222
2021-10-23 11:15:33,,2021-10-23 11:15:00,2021-10-23 14:00:00,0,공사 ,일반국도46호선 역곡남부역사거리 부천소사삼거리 3차로 주의운전 도로공사 -,126.8108669,37.4839961
2021-10-23 11:15:36,,2021-10-23 11:15:00,2021-10-23 18:00:00,0,공사 ,동서로 홍도고가 삼성동성당네거리 1차로 지체.정체 우려 도로공사 -,127.421144370412,36.3407648717187
2021-10-23 11:17:46,,2021-10-23 11:17:00,2021-10-23 18:00:00,0,공사 ,가락로 구산육거리 구산주공5단지앞교차로 2차로 주의운전 도로공사 -,128.8730121,35.249425
2021-10-23 11:18:09,,2021-10-23 11:17:00,2021-10-23 11:59:00,1,사고 ,올림픽대로 천호대교 암사대교 2차로 승용차. 후미 지체 고장 차량 서울청,127.129810171998,37.5621777099463
2021-10-23 11:18:23,,2021-10-23 11:18:00,2021-10-23 18:00:00,0,공사 ,관문로 시청사거리 CU과천래미안점 2차로 주의운전 도로공사 -,126.995133972222,37.432088
2021-10-23 11:21:32,,2021-10-23 11:20:00,2021-10-23 18:00:00,0,공사 ,신남로 남천거리 터미널사거리 진행방향 전체차로 주의운전 도로공사 -,126.504732510193,35.2764939749942
2021-10-23 11:23:13,,2021-10-23 11:22:00,2021-10-23 11:59:00,1,사고 ,언주로 성수대교북단 남단 3차로 승용차-화물차. 후미 지체 교통사고 서울청,127.034599012353,37.5351104281443
2021-10-23 11:24:19,,2021-10-23 11:24:00,2021-10-23 18:00:00,0,공사 ,영동대로 경기고교앞교차로 봉은사역 1차로 주의운전 도로공사 -,127.059503086537,37.5154901945231
2021-10-23 11:27:13,,2021-10-23 11:27:00,2021-10-23 18:00:00,0,공사 ,안양로 벽산사거리 안양우체국사거리 1차로 주의운전 도로공사 -,126.922581699722,37.3972794
2021-10-23 11:29:13,,2021-10-23 11:29:00,2021-10-23 11:59:00,1,사고 ,중앙고속도로 단양휴게소 단양IC 1차로 0km(단양IC방향) 주의운전 차량고장 -,128.3425006,36.9223641
2021-10-23 11:29:48,,2021-10-23 11:29:00,2021-10-23 11:59:00,1,사고 ,경부고속도로 반포IC 서초IC 2,3차로 승용차-승용차. 후미 지체 교통사고 서울청,127.018993834787,37.5017092718112
2021-10-23 11:30:17,,2021-10-23 11:29:00,2021-10-23 11:59:00,2,통제 ,가야대로 문전교차로 황령터널 1차로 주의운전 공사 -,129.0589123,35.1576226
2021-10-23 11:31:52,,2021-10-23 11:31:00,2021-10-23 12:59:00,1,사고 ,동일로 동일로지하차도 중랑전화국 1,2차로 승용차-승용차. 후미 지체 교통사고 서울청,127.080138664084,37.5929953250138
2021-10-23 11:32:20,,2021-10-23 11:31:00,2021-10-23 18:00:00,0,공사 ,화랑로 KT월곡지사 종암사거리 1차로 주의운전 도로공사 -,127.0538548,37.6135942
2021-10-23 11:34:37,,2021-10-23 11:34:00,2021-10-23 12:04:00,1,사고 ,남해고속도로 조성2터널 조성1터널 1차로 0km(벌교IC방향) 주의운전 차량고장 -,127.2392814,34.8287878
2021-10-23 11:37:26,,2021-10-23 11:37:00,2021-10-23 12:07:00,1,사고 ,올림픽대로 웅진식품강동대리점강동대리점 암사IC서측 2차로 주의운전 차량고장 -,127.130555555556,37.5627777777778
2021-10-23 11:40:52,,2021-10-23 11:40:00,2021-10-23 18:00:00,0,공사 ,중앙로 스타벅스은행동점 목척교 2,3차로 지체.정체 우려 유지보수 교통시설물관련작업,127.428730525396,36.3296804725556
2021-10-23 11:44:38,,2021-10-23 11:44:00,2021-10-23 18:00:00,0,공사 ,일반국도17호선 대전시노숙인상담센터 대전역네거리 2차로 지체.정체 우려 도로도색 -,127.432179579526,36.3320651795487
2021-10-23 11:45:24,,2021-10-23 11:45:00,2021-10-23 12:15:00,1,사고 ,남부순환로 관악우체국앞교차로 봉천본동농협앞 4차로 주의운전 교통사고 -,126.9389053,37.4835351997222
2021-10-23 11:48:03,,2021-10-23 11:48:00,2021-10-23 12:18:00,1,사고 ,마포대로 공덕오거리 마포대교북단 4차로 주의운행 교통사고 서울청,126.950799878662,37.5438044027701
2021-10-23 11:49:41,,2021-10-23 11:48:00,2021-10-23 12:59:00,1,사고 ,서초대로 서초1교 진흥아파트교차로 2차로 승용차 관련. 후미 지체 교통사고 서울청,127.024061625935,37.4968271470955
2021-10-23 11:51:23,,2021-10-23 11:51:00,2021-10-23 12:21:00,1,사고 ,일반국도43호선 어룡2통교차로 어룡1통교차로 1차로 후미10m지체 교통사고 -,127.1909956,37.8843885
2021-10-23 11:51:58,,2021-10-23 11:51:00,2021-10-23 12:59:00,1,사고 ,영동대로 영동대교북단 남단 1차로 승용차-승용차. 후미 지체 교통사고 서울청,127.05828319111,37.5322494465529
2021-10-23 11:52:29,,2021-10-23 11:52:00,2021-10-23 12:22:00,1,사고 ,일반국도43호선 포천삼거리 어룡1통교차로 1차로 후미10m지체 교통사고 -,127.1918022,37.8858482
2021-10-23 11:53:18,,2021-10-23 11:53:00,2021-10-23 18:00:00,0,공사 ,서암로 서방사거리 안보회관앞교차로 2,3차로 주의운전 도로공사 -,126.9165098,35.1654718
2021-10-23 11:54:01,,2021-10-23 11:52:00,2021-10-23 12:59:00,1,사고 ,신림로 신림역 당곡사거리 1차로 승용차 관련. 후미 지체 교통사고 서울청,126.928742512607,37.4878047932835
2021-10-23 11:57:37,,2021-10-23 11:57:00,2021-10-23 12:27:00,2,통제 ,안골로 샬롬어린이집 세무서입구삼거리 2차로 주의운전 공사 -,127.1308756,37.5977364
2021-10-23 12:00:29,,2021-10-23 12:00:00,2021-10-23 18:00:00,0,공사 ,테헤란로 선릉역사거리 금강타워 4차로 주의운전 도로공사 -,127.050188299579,37.5044009435097
2021-10-23 12:00:39,,2021-10-23 11:59:00,2021-10-23 12:59:00,1,사고 ,올림픽대로 영동대교 청담대교 4차로 승용차-승용차. 후미 지체 교통사고 서울청,127.056591975313,37.5250287410101
2021-10-23 12:15:56,,2021-10-23 12:16:00,2021-10-23 12:46:00,1,사고 ,강변북로 성산대교 양화대교 2차로 주의운행 교통사고 서울청,126.901204721523,37.5516210208858
2021-10-23 12:22:17,,2021-10-23 12:22:00,2021-10-23 18:00:00,0,공사 ,천호대로  아차산역앞교차로 하나은행중곡동지점 4차로 주의운전  도로공사 -,127.08801588474,37.5538685275154
2021-10-23 12:23:50,,2021-10-23 12:22:00,2021-10-23 12:59:00,1,사고 ,범안로 금천교동측 서측 3차로 승용차 관련. 후미 지체 교통사고 서울청,126.884888508138,37.4652629938266
2021-10-23 12:24:33,,2021-10-23 12:23:00,2021-10-23 12:53:00,1,사고 ,올림픽대로 가양대교  방화대교  1차로 주의운전  교통사고 서울청,126.841287653846,37.5758825637435
2021-10-23 12:31:52,,2021-10-23 12:31:00,2021-10-23 13:01:00,1,사고 ,내부순환도로 연희램프 성산램프 3차로 승용차-승용차. 후미 지체 교통사고 서울청,126.917442511845,37.5685947532903
2021-10-23 12:34:56,,2021-10-23 12:33:00,2021-10-23 13:59:00,1,사고 ,창경궁로 원남동사거리 성균관대입구 1,2차로 화물차-승용차. 후미 지체 교통사고 서울청,126.996535743982,37.5803094701739
2021-10-23 12:42:49,,2021-10-23 12:42:00,2021-10-23 18:00:00,0,공사 ,연현로 문형동삼거리 연현로113 1차로 주의운전 도로공사 -,126.9033658,37.4343179
2021-10-23 12:54:24,,2021-10-23 12:54:00,2021-10-23 18:00:00,0,공사 ,은봉로 잉글리쉬이트 논현2동행정복지센터 1차로 주의운전 도로공사 -,126.7147188,37.4032438
2021-10-23 12:55:28,,2021-10-23 12:55:00,2021-10-23 13:25:00,1,사고 ,만의골로 왜관지방산업단지관리공단 운연삼거리 1차로 주의운전 교통사고 -,126.7707837,37.4594176
2021-10-23 12:57:08,,2021-10-23 12:57:00,2021-10-23 18:00:00,0,공사 ,검배로 축협앞교차로 수택동사거리 2차로 주의운전 도로공사 -,127.146892,37.595748
2021-10-23 12:57:20,,2021-10-23 12:56:00,2021-10-23 13:59:00,1,사고 ,동부간선도로 초안산지하차도 월계1교 2차로 지체 교통사고 서울청,127.05803253257,37.6393686134425
2021-10-23 12:59:53,,2021-10-23 12:58:00,2021-10-23 13:28:00,1,사고 ,한글비석로 대진고교앞교 노원자동차검사소 2차로 화물차-승용차. 후미 지체 교통사고 서웅ㄹ청,127.074817122884,37.6384897133902
2021-10-23 13:06:43,,2021-10-23 13:06:00,2021-10-23 13:36:00,1,사고 ,중앙고속도로 제천터널 남제천IC남측 1차로 0km(남제천IC방향) 주의운전 차량고장 -,128.2032112,37.0520914
2021-10-23 13:09:38,,2021-10-23 13:08:00,2021-10-23 13:59:00,1,사고 ,강남대로 교보타워사거리 강남역 4차로 5차로 승용차-오토바이. 후미 지체 교통사고 서울청,127.026355718275,37.5005185308975
2021-10-23 13:14:24,,2021-10-23 13:13:00,2021-10-23 13:59:00,1,사고 ,동부간선도로 장안교 중랑교 3차로 후미 지체 교통사고 서울청,127.074599995175,37.5856063140262
2021-10-23 13:15:12,,2021-10-23 13:15:00,2021-10-23 18:00:00,0,공사 ,도일유통길 도일동71014 도일동1189 1차로 주의운전 도로공사 -,127.1038861,37.0439534
2021-10-23 13:16:05,,2021-10-23 13:00:00,2021-10-23 18:00:00,0,공사 ,방어진순환도로 (도로 공사 중) 번덕사거리 홈플러스앞교차로 2차로 주의운전 도로공사 -,129.4284033,35.5000685
2021-10-23 13:19:44,,2021-10-23 13:19:00,2021-10-23 13:49:00,1,사고 ,화랑로 상월곡역앞교차로 하월곡IC 1차로 주의운전 교통사고 -,127.0457755,37.6050609
2021-10-23 13:21:32,,2021-10-23 13:21:00,2021-10-23 18:00:00,0,공사 ,강남대로 논현역앞교차로 청하빌딩 3차로 주의운전  도로공사 -,127.021676585361,37.5102368241762
2021-10-23 13:22:05,,2021-10-23 13:21:00,2021-10-23 13:59:00,1,사고 ,동부간선도로 자곡IC 수서IC 2차로 승용차. 후미 지체 고장 차량 서울청,127.109454125417,37.4847436899999
2021-10-23 13:24:51,,2021-10-23 13:24:00,2021-10-23 13:54:00,1,사고 ,올림픽대로 잠실대교 청담대교  1차로 주의운전  교통사고 서울청,127.081386395648,37.5169683038758
2021-10-23 13:37:26,,2021-10-23 13:00:00,2021-10-23 15:06:00,2,행사 ,성당로 대구문화예술회관-두류공원R-두류R-반월당R-범어R-수성대R-범어R-반월당R-두류R 감삼R-두류R-대구문화예술회관 진행방향 전체차로 4.15부정선거 투쟁본부 주최로 차량행진 집회 -,128.56272723282,35.8438747615402
2021-10-23 13:43:08,,2021-10-23 13:41:00,2021-10-23 14:11:00,1,사고 ,한밭대로 모정네거리 재뜰네거리 1,2차로 후미 지체. 교통사고 화물차관련 추돌, 2차사고, 같은지점 2차로에서 승용차간 추돌사고,127.394779103606,36.3574500056753
2021-10-23 13:44:49,,2021-10-23 13:44:00,2021-10-23 18:00:00,0,공사 ,일반국도1호선 공암교 희망교차로 1차로 주의운전 도로공사 -,127.253766,36.3911733
2021-10-23 13:47:31,,2021-10-23 13:46:00,2021-10-23 14:27:00,1,사고 ,방학로 서울문화고교 방학사거리 1차로 방학지하차도 안. 승용차 관련. 후미 지체 교통사고 서울청,127.044393821604,37.6628946930767
2021-10-23 13:48:08,,2021-10-23 13:47:00,2021-10-23 18:00:00,0,공사 ,일반국도42호선 임마누엘교회 은행사거리 3차로 주의운전 도로공사 -,126.798359826291,37.4392910653118
2021-10-23 13:49:20,,2021-10-23 13:49:00,2021-10-23 18:00:00,0,공사 ,주부토로 부평공고사거리 갈산사거리 2차로 주의운전 도로공사 -,126.726456785072,37.5154579819539
2021-10-23 13:50:01,,2021-10-23 13:49:00,2021-10-23 18:00:00,0,공사 ,국산1길2 국산초등학교 거제경찰서 1차로 주의운전 시설물보수 -,128.4997115,34.892869
2021-10-23 13:51:10,,2021-10-23 13:50:00,2021-10-23 14:27:00,1,사고 ,내부순환로 연희램프 홍제램프 3차로 승용차. 후미 지체 고장 차량 서울청,126.937353380772,37.58189216139
2021-10-23 13:51:46,,2021-10-23 13:49:00,2021-10-23 18:00:00,0,공사 ,일반국도46호선 핑구어린이집 동내초등학교 진행방향 전체차로 단방향 도로공사로 반대차로로 운행중 도로공사 -,127.7665082,37.8506388
2021-10-23 13:53:30,,2021-10-23 13:53:00,2021-10-23 18:00:00,0,공사 ,상일로 구지사거리 부곡주택 2차로 주의운전 시설물보수 -,126.7406528,37.4919507997222
2021-10-23 13:55:38,,2021-10-23 13:55:00,2021-10-23 18:00:00,0,공사 ,강남대로 신논현역사거리 논현역사거리 3차로 주의운전 도로공사 -,127.022073380767,37.5095928646975
2021-10-23 13:55:38,,2021-10-23 13:55:00,2021-10-23 18:00:00,0,공사 ,중교로 전통다원차야 중구보건지소네거리 1차로 주의운전 도로공사 -,127.4233648,36.3262769
2021-10-23 13:56:53,,2021-10-23 13:56:00,2021-10-23 14:26:00,1,사고 ,수도권제2순환고속도로 인천항고가교남측 인천항고가차도북측 2차로 주의운전 차량고장 -,126.623474,37.4434812
2021-10-23 14:01:15,,2021-10-23 14:01:00,2021-10-23 14:31:00,1,사고 ,광교중앙로 컨벤션센터사거리 광교중앙로사거리 1차로 주의운전 교통사고 -,127.059085502914,37.2877394806719
2021-10-23 14:01:51,,2021-10-23 14:01:00,2021-10-23 18:00:00,0,공사 ,일반국도7호선 상안교사거리 신답삼거리 1,2차로 주의운전 도로공사 -,129.3481517,35.6297026
2021-10-23 14:05:15,,2021-10-23 14:05:00,2021-10-23 14:35:00,1,사고 ,월드컵로 가람마을사거리 국토지리정보원삼거리 1차로 주의운전 교통사고 -,127.051677006705,37.2748987086335
2021-10-23 14:06:59,,2021-10-23 14:06:00,2021-10-23 14:36:00,1,사고 ,노들로 당산철교아래 양화대교 1차로 지체 교통사고 서울청,126.903443134516,37.5358598932463
2021-10-23 14:07:33,,2021-10-23 14:07:00,2021-10-23 18:00:00,0,공사 ,일반국도19호선 신전리산703 신전삼거리 1차로 주의운전 도로공사 -,127.960593,34.7838385
2021-10-23 14:08:25,,2021-10-23 14:08:00,2021-10-23 14:38:00,2,통제 ,팔달로 전주완산경찰서 행복한교회 1차로 주의운전 공사 -,127.1452823,35.8156341
2021-10-23 14:17:43,,2021-10-23 14:17:00,2021-10-23 18:00:00,0,공사 ,평천로 신진운전학원 부천체육관사거리 1차로 주의운전 도로공사 -,126.7614343,37.5153533
2021-10-23 14:18:44,,2021-10-23 14:17:00,2021-10-23 14:47:00,1,사고 ,삼성로 포스코사거리 차관아파트 3차로 승용차-승용차. 후미 지체 교통사고 서울청,127.05642030713,37.5073781639113
2021-10-23 14:19:11,,2021-10-23 14:19:00,2021-10-23 18:00:00,0,공사 ,화랑로 상월곡역앞교차로 월곡중교앞사거리 1차로 주의운전  도로공사 -,127.048706236641,37.6064372437093
2021-10-23 14:21:49,,2021-10-23 14:21:00,2021-10-23 14:51:00,1,사고 ,언주로 도산공원사거리교차로내 성수대교남단 1차로 승용차-화물차. 후미 지체 교통사고 서울청,127.033897089517,37.5216406556129
2021-10-23 14:22:01,,2021-10-23 14:21:00,2021-10-23 18:00:00,0,공사 ,평천로 충은교회 나비공원입구사거리 1차로 주의운전 도로공사 -,126.6994002,37.5210962
2021-10-23 14:24:38,,2021-10-23 14:24:00,2021-10-23 18:00:00,0,공사 ,해안남로 길화교 해안남로1818 1차로 주의운전 도로공사 -,126.469773,37.6205628
2021-10-23 14:36:08,,2021-10-23 14:35:00,2021-10-23 15:05:00,1,사고 ,올림픽대로 동호대교 한남대교 4차로 주의운전 교통사고 서울청,127.021427278251,37.5283515381732
2021-10-23 14:38:04,,2021-10-23 14:37:00,2021-10-23 15:07:00,1,사고 ,서울외곽순환고속도로 강일IC 강일IC 4차로 0km(강일IC방향) 주의운전 교통사고 -,127.1673278465,37.5711439556637
2021-10-23 14:40:40,,2021-10-23 14:40:00,2021-10-23 15:10:00,1,사고 ,영동고속도로 덕평로882번길223 덕평IC 2차로 0km(방향) 주의운전 교통사고 -,127.3658362,37.2397778
2021-10-23 14:42:04,,2021-10-23 14:42:00,2021-10-23 15:12:00,1,사고 ,제2경인고속도로 청계산4터널서측 청계산4터널동측 1차로 0km(방향) 주의운전 차량고장 -,127.065189471587,37.3954423657037
2021-10-23 14:48:19,,2021-10-23 14:48:00,2021-10-23 18:00:00,0,공사 ,마장로 운동장평화시장 흥인사거리 2차로 주의운전 시설물보수 -,127.0127503,37.5678885
2021-10-23 14:50:50,,2021-10-23 14:50:00,2021-10-23 18:00:00,0,공사 ,일반국도34호선 한티교차로 강남터널 1차로 주의운전 도로공사 -,128.6983533,36.5350927
2021-10-23 14:51:45,,2021-10-23 14:51:00,2021-10-23 15:21:00,1,사고 ,경부고속도로 서초IC 반포IC 2차로 서행 교통사고 서울청,127.021011207498,37.4969876576809
2021-10-23 14:52:20,,2021-10-23 14:51:00,2021-10-23 15:21:00,1,사고 ,강변북로 한강대교 원효대교 2차로 서행 교통사고 서울청,126.955360458149,37.5241463761323
2021-10-23 14:57:26,,2021-10-23 14:57:00,2021-10-23 18:00:00,0,공사 ,가야로 삼계두곡마을사거리 가야대사거리 2차로 주의운전 도로공사 -,128.8672138,35.2698616
2021-10-23 14:58:23,,2021-10-23 14:57:00,2021-10-23 18:00:00,0,공사 ,일반국도34호선 안동과학대 안동추모공원 2차로 주의운전 도로공사 -,128.6487488,36.5875745
2021-10-23 14:59:32,,2021-10-23 14:59:00,2021-10-23 18:00:00,0,공사 ,해반천로 도곡교앞교차로 삼계두곡마을사거리 2차로 주의운전 시설물보수 -,128.8649533,35.2702057
2021-10-23 15:06:08,,2021-10-23 15:06:00,2021-10-23 18:00:00,0,공사 ,중앙로 KTG밀양지점 밀양축산농협가곡지점 1차로 주의운전 시설물보수 -,128.7670987,35.4751259
2021-10-23 15:09:55,,2021-10-23 15:09:00,2021-10-23 15:39:00,1,사고 ,삼성로 대치역앞교차로 대치동508 1차로 주의운전 차량고장 -,127.062264099722,37.4939797997222
2021-10-23 15:10:56,,2021-10-23 15:10:00,2021-10-23 18:00:00,0,공사 ,동일로454번길 장암현대1차아파트앞 발곡초등학교앞 1차로 주의운전 도로공사 -,127.061473606273,37.7284513134861
2021-10-23 15:14:28,,2021-10-23 15:14:00,2021-10-23 18:00:00,0,공사 ,국가지원지방도57호선 연구단지네거리 도룡삼거리 1차로 연구단지네거리 공사로 주의운행 도로공사 -,127.378634512543,36.385796237771
2021-10-23 15:14:36,,2021-10-23 15:14:00,2021-10-23 15:44:00,1,사고 ,서울외곽순환고속도로 김포IC남측 김포IC 2차로 0km(방향) 갓길이동 교통사고 -,126.772551812295,37.5956655811437
2021-10-23 15:16:08,,2021-10-23 15:16:00,2021-10-23 18:00:00,0,공사 ,고봉로 화성어린이집 양지마을 1차로 주의운전 도로공사 -,126.7686938,37.6665835
2021-10-23 15:20:54,,2021-10-23 15:18:00,2021-10-23 15:48:00,1,사고 ,성산대로 남단 북단 3차로 서행 교통사고 서울청,126.89380246966,37.5563808719489
2021-10-23 15:21:00,,2021-10-23 15:20:00,2021-10-23 18:00:00,0,공사 ,영동고속도로 주천강교 횡성휴게소 1차로 주의운전 도로공사 -,128.2008286,37.4920464
2021-10-23 15:21:34,,2021-10-23 15:21:00,2021-10-23 15:51:00,1,사고 ,제2경인고속도로 남동IC 서창JC 2차로 0km(방향) 주의운전 교통사고 -,126.716073499722,37.4336079997222
2021-10-23 15:26:43,,2021-10-23 15:26:00,2021-10-23 18:00:00,0,공사 ,방어진순환도로 북진사거리 방어진삼거리 1차로 주의운전 도로공사 -,129.4241257,35.4888603
2021-10-23 15:31:26,,2021-10-23 15:31:00,2021-10-23 18:00:00,0,공사 ,삼천병마로 성혜원입구사거리 대진화학앞 1차로 주의운전 도로공사 -,126.953564712326,37.224790493151
2021-10-23 15:35:40,,2021-10-23 15:35:00,2021-10-23 18:00:00,0,공사 ,시민로 농심물류센터앞 신곡교 2차로 주의운전 도로공사 -,127.0545357,37.7374776
2021-10-23 15:38:40,,2021-10-23 15:38:00,2021-10-23 16:08:00,1,사고 ,올림픽대로 동작대교 한강대교 1차로 서행 고장 차량 서울청,126.966102721787,37.5095536909288
2021-10-23 15:40:38,,2021-10-23 15:40:00,2021-10-23 16:10:00,2,통제 ,제2경인고속도로 남동IC서측 남동IC동측 3차로 0km(남동IC방향) 주의운전 공사 -,126.716479,37.4338179
2021-10-23 15:41:27,,2021-10-23 15:41:00,2021-10-23 16:11:00,1,사고 ,율곡로 안국동사거리 안국역 3차로 주의운전 교통사고 서울청,126.98414008496,37.5758620493416
2021-10-23 15:42:45,,2021-10-23 15:42:00,2021-10-23 16:12:00,1,사고 ,남부순환로 신월IC 강월초교입구교차로 4차로 주의운전 교통사고 -,126.836638047347,37.5226182503927
2021-10-23 15:44:19,,2021-10-23 15:44:00,2021-10-23 16:14:00,1,사고 ,남부순환로 매봉역앞교차로 매봉터널 1차로 주의운전 교통사고 서울청,127.049039103453,37.4879737810677
2021-10-23 15:44:21,,2021-10-23 15:44:00,2021-10-23 16:14:00,1,사고 ,명덕로 창녕축산농협 교리1073 1차로 주의운전 차량고장 -,128.4927122,35.5432832
2021-10-23 15:45:45,,2021-10-23 15:45:00,2021-10-23 16:15:00,1,사고 ,퇴계로 흥국빌딩 충무로역앞교차로 1차로 주의운전 차량고장 -,126.992079599722,37.560977
2021-10-23 15:47:33,,2021-10-23 15:47:00,2021-10-23 18:00:00,0,공사 ,길주로 문예사거리 가리뫼4거리 1차로 주의운전 도로공사 -,126.767576,37.5041744
2021-10-23 15:51:05,,2021-10-23 15:51:00,2021-10-23 18:00:00,0,공사 ,새말로 연수고가차도 청능교회 1차로 주의운전 도로공사 -,126.6782429,37.4194670997222
2021-10-23 15:52:40,,2021-10-23 15:52:00,2021-10-23 16:22:00,1,사고 ,경부고속도로 양재IC 서초IC 5차로 서행 교통사고 서울청,127.036026154234,37.4677102577906
2021-10-23 15:53:12,,2021-10-23 15:53:00,2021-10-23 18:00:00,0,공사 ,센트럴로 쉐라톤그랜트홀텔앞사거리 송도컨벤시아사거리 1차로 주의운전 도로공사 -,126.647752326455,37.3895416392488
2021-10-23 15:53:29,,2021-10-23 15:52:00,2021-10-23 16:22:00,1,사고 ,강변북로 잠실대교 청담대교 3차로 주의운전 교통사고 서울청,127.07035353704,37.5306435957742
2021-10-23 15:53:31,,2021-10-23 15:53:00,2021-10-23 18:00:00,0,공사 ,김천로 김천인공폭포 양천교차로 1차로 주의운전 도로공사 -,128.117541,36.1004641
2021-10-23 15:54:51,,2021-10-23 15:54:00,2021-10-23 16:24:00,1,사고 ,남해고속도로 진성IC앞 진성IC 2차로 82km(방향) 주의운전 교통사고 -,128.2274208,35.1892591
2021-10-23 15:57:55,,2021-10-23 15:57:00,2021-10-23 18:00:00,0,공사 ,청계천로 청계3가사거리 세운교 2차로 주의운전 시설물보수 -,126.9943511,37.5683738
2021-10-23 16:02:32,,2021-10-23 16:02:00,2021-10-23 18:00:00,0,공사 ,동호로 약수고가차도북측 장충체육관앞 4차로 주의운전 도로공사 -,127.0072748,37.5587941
2021-10-23 16:05:34,,2021-10-23 16:05:00,2021-10-23 18:00:00,0,공사 ,김포한강4로 금빛수로1교 금빛수로1교사거리 3차로 주의운전 도로공사 -,126.6784735,37.6382903
2021-10-23 16:06:25,,2021-10-23 16:05:00,2021-10-23 18:00:00,0,공사 ,일반국도24호선 합천읍 마령재 1차로 주의운전 시설물보수 -,128.175193,35.5892864
2021-10-23 16:09:17,,2021-10-23 16:09:00,2021-10-23 16:39:00,1,사고 ,경부고속도로 와곡2길121 양산IC앞 1차로 0km(방향) 주의운전 교통사고 -,129.0482487,35.3765588
2021-10-23 16:14:25,,2021-10-23 16:14:00,2021-10-23 18:00:00,0,공사 ,사포마을길 장흥초교앞교차로 광연횟집앞교차로 2차로 주의운전 도로공사 -,129.3934597,36.0780203
2021-10-23 16:19:30,,2021-10-23 16:19:00,2021-10-23 16:49:00,1,사고 ,남해고속도로 진례IC 청천교 1차로 0km(방향) 주의운전 차량고장 -,128.7546523,35.2627685
2021-10-23 16:19:40,,2021-10-23 16:19:00,2021-10-23 16:49:00,1,사고 ,중앙고속도로 다부IC 다부IC 1차로 0km(방향) 주의운전 교통사고 -,128.518001,36.0460741
2021-10-23 16:22:03,,2021-10-23 16:21:00,2021-10-23 16:51:00,1,사고 ,백범로 SK주유소청도2셀프 인천교펌프장입구사거리 1차로 주의운전 차량고장 -,126.649722222222,37.4916666666667
2021-10-23 16:24:09,,2021-10-23 16:23:00,2021-10-23 16:53:00,1,사고 ,양화대교 남단 북단 3차로 주의운전 교통사고 서울청,126.90307262563,37.5423873333282
2021-10-23 16:27:53,,2021-10-23 16:27:00,2021-10-23 18:00:00,0,공사 ,아리수로 우성르보아파크 미사2동주민센터 1차로 주의운전 도로공사 -,127.1864686,37.5670324
2021-10-23 16:30:27,,2021-10-23 16:30:00,2021-10-23 17:00:00,1,사고 ,경부고속도로 신양재IC 원지동4892 1차로 0km(신양재IC방향) 주의운전 차량고장 -,127.0524965,37.4497347
2021-10-23 16:36:54,,2021-10-23 16:36:00,2021-10-23 17:06:00,1,사고 ,중부내륙고속도로 창원방향 69k 1차로 주의운전 차량고장 -,128.340442,35.8075005
2021-10-23 16:40:18,,2021-10-23 16:40:00,2021-10-23 18:00:00,0,공사 ,일반국도46호선 역곡남부역사거리 부천소사삼거리 3차로 주의운전 도로공사 -,126.8113179,37.4842707
2021-10-23 16:49:58,,2021-10-23 16:49:00,2021-10-23 17:19:00,1,사고 ,올림픽대로 동작대교 한강대교 5차로 서행 교통사고 서울청,126.962753956632,37.5113366713417
2021-10-23 17:00:49,,2021-10-23 17:00:00,2021-10-23 17:30:00,2,행사 ,일반국도6호선 종로4가 종로4가 1차로 주의운전 행사 -,126.9971729,37.5709419
2021-10-23 17:04:27,,2021-10-23 17:04:00,2021-10-23 18:00:00,0,공사 ,일반국도7호선 초천마을앞교차로 반정삼거리 2차로 주의운전 도로공사 -,129.206428799722,35.4620993997222
2021-10-23 17:10:50,,2021-10-23 17:10:00,2021-10-23 17:40:00,1,사고 ,올림픽대로 방화대교 행주대교 4차로 서행 교통사고 서울청,126.81410151652,37.5873305363188
2021-10-23 17:27:44,,2021-10-23 17:27:00,2021-10-23 17:57:00,1,사고 ,올림픽대로 성수대교 동호대교 2차로 서행 교통사고 서울청,127.026972803319,37.5340086902124
2021-10-23 17:28:28,,2021-10-23 17:27:00,2021-10-23 17:57:00,1,사고 ,올림픽대로 가양대교 월드컵대교 4차로 서행 교통사고 서울청,126.870672517272,37.55794355685
2021-10-23 18:07:31,,2021-10-23 18:07:00,2021-10-23 18:37:00,2,기상 ,경부고속도로 동대구JC 도동JC 1차로 0km(도동JC방향) 주의운전 기상 -,128.6711584,35.9065637
2021-10-23 18:10:38,,2021-10-23 18:10:00,2021-10-23 18:40:00,1,사고 ,태평로 태평네거리 유니온호텔 1차로 주의운전 교통사고 -,128.588171299722,35.8759182
2021-10-23 18:28:19,,2021-10-23 18:28:00,2021-10-23 18:58:00,2,기상 ,경부고속도로 칠곡대로177960 왜관IC앞 1차로 0km(방향) 주의운전 강풍 -,128.4291919,35.9790096
2021-10-23 18:32:30,,2021-10-23 18:31:00,2021-10-24 18:00:00,0,공사 ,경부고속도로 구미 구미IC 1차로 구미톨게이트 다차로 공사 도로공사 반대 차선 확인 요망,128.3521316,36.1233447
2021-10-23 19:11:09,,2021-10-23 19:10:00,2021-10-23 19:40:00,1,사고 ,동부간선도로 수락 노원교 2차로 서행 교통사고 서울청,127.051636287425,37.6796544745939
2021-10-23 19:16:27,,2021-10-23 19:16:00,2021-10-24 18:00:00,0,공사 ,새만금포항고속도로 도동JC 팔공산TG 1차로 0km(도동JC방향) 주의운전 도로공사 -,128.6538309,35.9099953
2021-10-23 19:17:33,,2021-10-23 19:17:00,2021-10-23 19:47:00,1,사고 ,남부순환로 양재역 양재전화국교차로 2차로 주의운전 교통사고 서울청,127.039579245165,37.4852652944448
2021-10-23 19:19:45,,2021-10-23 19:19:00,2021-10-24 18:00:00,0,공사 ,경부고속도로 선주교북측 김천시구미시 4차로 178km(동김천IC방향) 4차로 차단 공사중 주의운전요망 도로공사 -,128.2962709,36.1453806
2021-10-23 19:20:07,,2021-10-23 19:19:00,2021-10-23 19:49:00,1,사고 ,종로 흥인지문사거리 동묘앞역사거리 3차로 주의운전 교통사고  서울청,127.010600976933,37.5716234580023
2021-10-23 19:20:55,,2021-10-23 19:20:00,2021-10-23 19:50:00,1,사고 ,올림픽대로 한강철교 한강대교 2차로 서행 교통사고 서울청,126.949353066224,37.5163682974554
2021-10-23 19:21:39,,2021-10-23 19:21:00,2021-10-24 18:00:00,0,공사 ,경부고속도로 선주교북측 김천시구미시 1차로 175km(동김천IC방향) 주의운전 도로공사 -,128.2934501,36.1464722
2021-10-23 19:26:30,,2021-10-23 19:26:00,2021-10-23 19:56:00,1,사고 ,동부간선도로 강남운전면허시험장 청담대교남단 1차로 서행 교통사고 서울청,127.066574420942,37.5174866481834
2021-10-23 19:27:30,,2021-10-23 19:27:00,2021-10-23 19:57:00,1,사고 ,강변북로 영동대교 성수대교 4차로 서행 교통사고 서울청,127.04678568764,37.5370568950758
2021-10-23 19:27:47,,2021-10-23 19:27:00,2021-10-24 18:00:00,0,공사 ,경부고속도로진입로 동대구JC 동대구JC 1,2차로 0km(방향) 주의운전 도로공사 -,128.6924725,35.886814
2021-10-23 19:42:32,,2021-10-23 19:42:00,2021-10-23 20:12:00,2,기상 ,당진영덕고속도로 70.7km 남상주IC 남상주TG 1,2,3차로 맑음, 바람 조금 기상 -,128.1448708,36.3776316
2021-10-23 19:52:35,,2021-10-23 19:52:00,2021-10-24 18:00:00,0,공사 ,경부고속도로 동대구분기점 동대구분기점 1차로 0km(방향) 주의운전 도로공사 -,129.0829725,35.8407894
2021-10-23 19:59:43,,2021-10-23 20:00:00,2021-10-23 20:30:00,1,사고 ,동부간선도로 응봉교 용비교 4차로 주의운전 교통사고 서울청,127.036013791122,37.5479042013601
2021-10-23 20:26:32,,2021-10-23 20:26:00,2021-10-23 20:56:00,1,사고 ,호남고속도로 여산휴게소 논산JC 1차로 0km(논산JC방향) 주의운전 차량고장 -,127.1019706,36.075762
2021-10-23 20:46:15,,2021-10-23 20:46:00,2021-10-23 21:16:00,1,사고 ,올림픽대로 한남대교 반포대교 4,5차로 주의운전 교통사고 서울청,127.010961181438,37.5191312127995
2021-10-23 21:03:34,,2021-10-23 21:03:00,2021-10-23 21:33:00,1,사고 ,내부순환로 성동 사근IC 2차로 서행 고장 차량 서울청,127.052155818981,37.5552728445876
2021-10-23 21:10:37,,2021-10-23 21:10:00,2021-10-23 21:40:00,2,기상 ,일반국도20호선 내일리산661 건천IC앞 1차로 주의운전 강풍 -,129.0819296,35.8377569
2021-10-23 21:18:10,,2021-10-23 21:18:00,2021-10-23 21:48:00,1,사고 ,잠실대교 북단 남단 1차로 주의운전 교통사고 서울청,127.092072635584,37.5236143622162
2021-10-23 21:23:03,,2021-10-23 21:22:00,2021-10-23 21:52:00,1,사고 ,강변북로 월드컵대교 성산대교 2차로 서행 교통사고 서울청,126.890248262439,37.560594286473
2021-10-23 21:25:13,,2021-10-23 21:19:08,2021-10-24 00:26:27,0,공사 ,당진대전선(0301) (2차로)긴급노면보수작업중 [고속도로]당진대전선(0301) (2차로)긴급노면보수작업중,127.3246,36.3924
2021-10-23 21:29:46,,2021-10-23 21:29:00,2021-10-23 21:59:00,1,사고 ,강변북로 영동대교 성수대교 4차로 주의운전 교통사고 서울청,127.042147423386,37.5383065269837
2021-10-23 21:46:50,,2021-10-23 21:46:00,2021-10-23 22:16:00,1,사고 ,밤고개로 수서역앞교차로 수서삼익아파트4단지입 2차로 주의운전 교통사고 서울청,127.10117054746,37.4878595506505
2021-10-23 22:19:13,,2021-10-23 22:19:00,2021-10-24 18:00:00,0,공사 ,봉삼중앙길 영대병원네거리 경일미르 1차로 주의운전 시설물보수 -,128.5883524,35.8443436
2021-10-23 22:23:19,,2021-10-23 22:23:00,2021-10-24 18:00:00,0,공사 ,용산로 리틀하늘별어린이집 대한법률구조공단대구서부출장소 1,2차로 주의운전 도로공사 -,128.5300589,35.8509831
2021-10-23 22:26:03,20211023222603,2021-10-23 22:26:03,2021-10-23 23:07:17,1,사고,[제2경인선]신천(13.6K) (갓길)승용차고장처리완료  고장,126.781,37.4307
2021-10-23 22:26:58,,2021-10-23 22:26:00,2021-10-24 18:00:00,0,공사 ,일반국도30호선 감삼네거리 카페셀렉트 1,2,3차로 주의운전 도로공사 -,128.5470615,35.8540358997222
2021-10-23 22:34:15,,2021-10-23 22:34:00,2021-10-23 23:04:00,1,사고 ,중부고속도로 하남IC 하남JC동측 1차로 0km(하남JC방향) 주의운전 교통사고 -,127.2110331,37.5321616
2021-10-23 22:45:52,,2021-10-23 22:32:00,2021-10-23 23:02:00,1,사고 ,송파대로6길 탄천길거여동길삼거리 버드나무길탄천길삼거 1차로 주의운전 교통사고 -,127.1339924,37.4791109
2021-10-23 22:58:54,20211023225854,2021-10-23 22:58:54,,1,사고,[중부선]대소분기점부근(288K) (갓길)대형화물차고장처리중  고장,127.4755,36.9299
