2021-02-07 04:11:16,,2021-02-07 04:10:00,2021-02-07 07:00:00,0,공사 ,을지로 을지로4가 을지로3가 1차로 주의운전 시설물보수 -,126.9900813,37.5603313
2021-02-07 06:35:36,,2021-02-07 06:35:00,2021-02-07 07:05:00,1,사고 ,퇴계로 퇴계로4가 퇴계로3가 3차로 주의운전 차량고장 -,127.0039051,37.5667403
2021-02-07 06:40:30,4225,2021-02-07 06:35:02,2021-02-07 07:05:00,1,사고 ,퇴계로 퇴계로4가 퇴계로3가 3차로 주의운전 차량고장 -,127.0039051,37.5667403
2021-02-07 06:43:33,,2021-02-07 06:43:00,2021-02-07 07:13:00,1,사고 ,일반국도3호선 용암2리 회천교남측 1차로 주의운전 교통사고 -,127.0546928,37.8572325
2021-02-07 06:45:30,4285,2021-02-07 06:43:02,2021-02-07 07:13:00,1,사고 ,일반국도3호선 용암2리 회천교남측 1차로 주의운전 교통사고 -,127.0546928,37.8572325
2021-02-07 07:02:39,,2021-02-07 07:02:00,2021-02-07 07:32:00,1,사고 ,올림픽대로 반포대교 한남대교 1,2차로 주의운전 교통사고 서울청,127.001657008948,37.5111307959437
2021-02-07 07:03:06,,2021-02-07 07:02:00,2021-02-07 07:32:00,2,기상 ,경부고속도로 동대구JC 도동JC 1차로 123km(도동JC방향) 옅은 안개 운행중 주의 기상 -,128.684230217689,35.8923614071535
2021-02-07 07:03:49,,2021-02-07 07:03:00,2021-02-07 07:33:00,2,기상 ,상주영천고속도로 효령터널남측 동군위IC 진행방향 전체차로 50km(방향) 안개 기상 반대 차선 확인 요망,128.6299272,36.1160651
2021-02-07 07:04:40,,2021-02-07 07:04:00,2021-02-07 07:34:00,1,사고 ,창경궁로 퇴계4가 중구청사거리 1차로 주의운전 교통사고 -,126.998747,37.5630522
2021-02-07 07:05:10,,2021-02-07 07:03:00,2021-02-07 07:33:00,1,사고 ,창경궁로 원남동사거리 성균관대입구 1차로 주의운전 교통사고 서울청,126.997294381282,37.5768902173799
2021-02-07 07:17:34,,2021-02-07 07:17:00,2021-02-07 07:47:00,1,사고 ,청계천로 세운교 청계4가사거리 1차로 주의운전 차량고장 -,126.9967951,37.5687216
2021-02-07 07:27:06,,2021-02-07 07:26:00,2021-02-07 07:56:00,2,기상 ,중부내륙고속도로 123.4km 선산IC 선산TG 1,2차로 0km(낙동Jc방향) 구름 많고, 바람 조금 기상 -,128.2617113,36.2382651
2021-02-07 07:28:43,,2021-02-07 07:28:00,2021-02-07 07:58:00,1,사고 ,천호대로 군자역 군자교앞 4차로 주의운전 교통사고 서울청,127.075693651538,37.5587244354205
2021-02-07 07:36:12,,2021-02-07 07:36:00,2021-02-07 18:00:00,0,공사 ,일반국도1호선 온천리3852 박정자삼거리 1차로 주의운전 도로공사 -,127.261696,36.3702479722222
2021-02-07 07:52:10,,2021-02-07 07:52:00,2021-02-07 18:00:00,0,공사 ,국가지원지방도55호선 산제교차로 도래교차로 1차로 주의운전 도로공사 -,126.8190324,35.020464
2021-02-07 08:03:42,,2021-02-07 08:03:00,2021-02-07 08:33:00,2,기상 ,중부내륙고속도로 114.8 김천JC 김천JC 1,2차로 0km(방향) 안개주의, 맑음 기상 -,128.2655764,36.1656617
2021-02-07 08:06:30,,2021-02-07 08:04:00,2021-02-07 08:34:00,1,사고 ,천호대로 워커힐푸르지오아파트앞 워커힐호텔앞 2차로 주의운전 교통사고 서울청,127.108525236775,37.5499321177257
2021-02-07 08:11:08,,2021-02-07 08:10:00,2021-02-07 08:40:00,1,사고 ,강변북로 난지나들목 성산대교북측 1차로 주의운전 교통사고 서울청,126.892230862515,37.5592536279438
2021-02-07 08:14:41,,2021-02-07 08:14:00,2021-02-07 08:44:00,2,기상 ,남해고속도로 산인JC 함안IC 1차로 0km(함안IC방향) 주의운전 기상 -,128.435314557686,35.2758030889398
2021-02-07 08:18:56,,2021-02-07 08:18:00,2021-02-07 08:30:00,2,신호기 고장 ,고장> 부천로 조마루사거리 춘의역 1,2차로 주의운전 신호기 고장 -,126.785750356123,37.4977062370955
2021-02-07 08:25:00,,2021-02-07 08:24:00,2021-02-07 18:00:00,0,공사 ,율곡로 원남동사거리 이화사거리 1차로 주의운전 도로공사 -,126.9976293,37.575811
2021-02-07 08:25:04,,2021-02-07 08:25:00,2021-02-07 08:55:00,2,기상 ,평화로 말뚝고개삼거리 동두천시연천군 1차로 주의운전 기상 -,127.064378399722,37.9804718997222
2021-02-07 08:25:23,,2021-02-07 08:24:00,2021-02-07 18:00:00,0,공사 ,일반국도44호선 갈마곡리산704 연봉2교 1차로 남산교 부근 교차로 개선공사로 인해 양방향 1개차로 감소, 우회 회전교차로 운용중 도로공사 -,127.887866647105,37.688036428056
2021-02-07 08:25:33,,2021-02-07 07:00:00,2021-02-07 09:00:00,2,행사 ,크레인철거작업 크라운하버호텔 중부경찰서 사이 진행방향 전체차로 주의운전 행사 반대 차선 확인 요망,129.036330640611,35.1073935239257
2021-02-07 08:26:54,,2021-02-07 08:26:00,2021-02-07 08:56:00,2,기상 ,중앙고속도로 홍천IC 춘천IC 진행방향 전체차로 365.8km(춘천분기점방향) 주의운전 기상 반대 차선 확인 요망,127.826113,37.7130962
2021-02-07 08:33:54,,2021-02-07 08:33:00,2021-02-07 09:03:00,1,사고 ,중앙고속도로 동대구IC 동대구JC 1차로 90.2km(방향) 가속차로 차량화재 진화중 차량화재 -,128.6858565,35.8705415
2021-02-07 08:36:01,,2021-02-07 08:35:00,2021-02-07 18:00:00,0,공사 ,국회대로 경인2지하차도 신월IC 1차로 주의운전 도로공사,126.842335931997,37.5269913460234
2021-02-07 08:36:42,,2021-02-07 08:36:00,2021-02-07 18:00:00,0,공사 ,주삼덕양로 석창사거리 덕양1교차로 1차로 주의운전 도로공사 -,127.637445499722,34.7914620997222
2021-02-07 08:46:46,,2021-02-07 08:46:00,2021-02-07 09:16:00,1,사고 ,한밭대로 부르심감리교회 누리네거리 1차로 후미상황 통행주의 차량고장 -,127.371922227727,36.357666563353
2021-02-07 08:49:46,,2021-02-07 08:49:00,2021-02-07 17:00:00,0,공사 ,일반국도38호선 마전2교 신정중고판넬 2차로 주의운전 도로공사 -,127.3543071,37.0355102
2021-02-07 08:50:39,,2021-02-07 08:50:00,2021-02-07 09:20:00,2,기상 ,남해고속도로 순천방향  진성IC에서 진주IC방향 1차로 0km(군북IC방향) 주의운전 기상 -,128.3235037,35.2811538
2021-02-07 08:54:02,,2021-02-07 08:53:00,2021-02-07 18:00:00,0,공사 ,권율대로 도내동809 도래울교 1차로 주의운전 도로공사 -,126.8608108,37.6288317
2021-02-07 08:54:28,,2021-02-07 08:54:00,2021-02-07 09:24:00,2,기상 ,서해안고속도로 군산IC북측 군산휴게소 1,2차로 0km(동서천JC방향) 안개 기상 -,126.797268916667,36.0151908888889
2021-02-07 08:56:08,,2021-02-07 08:56:00,2021-02-07 18:00:00,0,공사 ,지방도865호선 광양벤딩 초남리7461 1차로 주의운전 도로공사 -,127.610059547969,34.9242346116977
2021-02-07 08:58:36,,2021-02-07 08:54:14,2021-02-07 12:00:31,0,공사 ,중부선(0352) (1,2차로)교대이동교대차단작업중 [고속도로]중부선(0352) (1,2차로)교대이동교대차단작업중,127.4754,36.867
2021-02-07 09:00:15,,2021-02-07 09:00:00,2021-02-07 18:00:00,0,공사 ,세종대로 청계광장 프레스센터 6차로 주의운전 도로공사,126.977050501828,37.5671843005221
2021-02-07 09:00:31,,2021-02-07 09:00:00,2021-02-07 18:00:00,0,공사 ,세종대로 프레스센터 시청앞교차로 5,6차로 시설물보수. 주의운전 도로공사,126.977107727415,37.5651255357985
2021-02-07 09:00:54,,2021-02-07 09:00:00,2021-02-07 09:30:00,1,사고 ,보문로 대광중고교앞교차로 진흥빌딩 2차로 주의운전 차량고장 -,127.0221661,37.5803324
2021-02-07 09:01:09,,2021-02-07 09:01:00,2021-02-07 18:00:00,0,공사 ,경양로 무등어린이집 계림오거리 1차로 주의운전 도로공사 -,126.924568399722,35.1550033997222
2021-02-07 09:03:28,,2021-02-07 09:03:00,2021-02-07 09:33:00,1,사고 ,세종대로 숭례문앞교차로 숭례문 1차로 주의운전 교통사고 -,126.9757271,37.5608548
2021-02-07 09:03:35,,2021-02-07 09:03:00,2021-02-07 18:00:00,0,공사 ,해관로 중부경찰서삼거리 중앙역7번출구 1차로 주의운전 도로공사 -,129.0364304,35.1076993
2021-02-07 09:04:14,,2021-02-07 09:04:00,2021-02-07 18:00:00,0,공사 ,일반국도77호선 남양리2342 남양읍신남리4743 1차로 주의운전 도로공사 -,126.822103565359,37.1947332892736
2021-02-07 09:04:18,,2021-02-07 09:03:00,2021-02-07 09:33:00,2,행사 ,소공로 한국은행앞교차로 한국은행앞 1차로 주의운전 행사 -,126.981218522045,37.5614144502273
2021-02-07 09:04:25,,2021-02-07 09:04:00,2021-02-07 18:00:00,0,공사 ,오치로 카페가온 사랑의교회 1차로 주의운전 도로공사 -,126.8991709,35.1909048
2021-02-07 09:04:30,,2021-02-07 09:04:00,2021-02-07 18:00:00,0,공사 ,일반국도29호선 산수오거리 광주은행산수동지점 1차로 주의운전 도로공사 -,126.931646506266,35.1542751359552
2021-02-07 09:04:54,,2021-02-07 09:04:00,2021-02-07 18:00:00,0,공사 ,일반국도77호선 남양리2342 더굿메이트 1차로 주의운전 도로공사 -,126.8256730183,37.1978101335827
2021-02-07 09:05:25,,2021-02-07 09:05:00,2021-02-07 18:00:00,0,공사 ,선릉로 영동4교 도곡역앞교차로 1차로 주의운전 시설물보수 -,127.0562553,37.4911539
2021-02-07 09:05:47,,2021-02-07 09:05:00,2021-02-07 09:35:00,1,사고 ,일반국도77호선 성동육교 필승로369 1차로 주의운전 교통사고 -,126.6791106,37.7886611997222
2021-02-07 09:06:19,,2021-02-07 09:06:00,2021-02-07 18:00:00,0,공사 ,남부순환로 매봉터널 도곡역앞교차로 4차로 주의운전 도로공사 -,127.055196443119,37.4907586026457
2021-02-07 09:10:16,,2021-02-07 09:10:00,2021-02-07 18:00:00,0,공사 ,잠실로 갤러리아팰리스 서울놀이마당앞교차로 1차로 주의운전 하수관거 작업 -,127.0949575,37.5101366
2021-02-07 09:10:39,,2021-02-07 09:10:00,2021-02-07 16:40:00,2,행사 ,삼봉로 서울소방본부 종로구청앞교차로 1차로 주의운전 집회,126.978724215587,37.5725094969777
2021-02-07 09:10:56,,2021-02-07 09:10:00,2021-02-07 09:40:00,2,행사 ,삼봉로 미국대사관 서울소방본부 1차로 주의운전 집회 -,126.9779455,37.5725835
2021-02-07 09:11:02,,2021-02-07 09:10:00,2021-02-07 20:30:00,2,통제 ,일반국도48호선 세종로공원 교보빌딩앞 1차로 주의운전 공사 -,126.9765005,37.5721067
2021-02-07 09:11:43,,2021-02-07 09:11:00,2021-02-07 09:41:00,1,사고 ,성북로 박태민한의원 성북파출소 2차로 주의운전 차량고장 -,127.0051064,37.5893781
2021-02-07 09:12:28,,2021-02-07 09:12:00,2021-02-07 18:00:00,0,공사 ,매송고색로 희망샘도서관 고색사거리 1차로 주의운전 도로공사 -,126.976954291625,37.2483176649951
2021-02-07 09:13:23,,2021-02-07 09:13:00,2021-02-07 18:00:00,0,공사 ,부평로 부평역사거리 문화사거리 1차로 주의운전 도로공사 -,126.723124,37.4926047
2021-02-07 09:14:05,,2021-02-07 09:14:00,2021-02-07 09:44:00,2,행사 ,율곡로 경복궁교차로 안국동사거리 3차로 주의운전 집회,126.980794915809,37.5757984829112
2021-02-07 09:14:51,,2021-02-07 09:14:00,2021-02-07 20:44:00,2,행사 ,율곡로2길 한국일보문화센타 서울지방국세청 2차로 주의운전 문화 행사,126.980302665264,37.5750866160909
2021-02-07 09:15:27,,2021-02-07 09:15:00,2021-02-07 09:45:00,1,사고 ,강변북로 토평동4896 원진주유소앞교차로 2차로 주의운전 차량고장 -,127.156705999722,37.5796275
2021-02-07 09:15:55,,2021-02-07 09:15:00,2021-02-07 18:00:00,0,공사 ,오방로 방림터널사거리 무등1차앞교차로 1차로 주의운전 도로공사 -,126.9196116,35.1280763
2021-02-07 09:16:34,,2021-02-07 09:16:00,2021-02-07 09:46:00,2,기상 ,서울양양고속도로 종자리로27521 남춘천IC동측 1,2차로 0km(남춘천IC방향) 주의운전 기상 -,127.7314116,37.7549032
2021-02-07 09:16:52,,2021-02-07 09:16:00,2021-02-07 22:46:00,2,행사 ,사직로8길 정부중앙청사별관 중앙지하차도서측 2차로 주의운전 집회,126.975231497721,37.5740900618863
2021-02-07 09:16:59,,2021-02-07 09:16:00,2021-02-07 18:00:00,0,공사 ,시흥대로 시흥IC 시흥IC 1차로 주의운전 도로공사 -,126.8993144,37.480057
2021-02-07 09:21:47,,2021-02-07 09:21:00,2021-02-07 18:00:00,0,공사 ,도동길 행암교차로 신효천3길앞삼거리 1차로 주의운전 도로공사 -,126.8776092,35.0982551
2021-02-07 09:21:59,,2021-02-07 09:21:00,2021-02-07 18:00:00,0,공사 ,중앙로 천변우로교차로 중앙대교 1차로 주의운전 도로공사 -,126.911687689466,35.1471588962787
2021-02-07 09:22:33,,2021-02-07 09:22:00,2021-02-07 18:00:00,0,공사 ,마른내로 호텔피제이앞 명보사거리 1차로 주의운전 도로공사 -,126.9957573,37.5644032
2021-02-07 09:23:46,,2021-02-07 09:23:00,2021-02-07 18:00:00,0,공사 ,천변좌하로 시청주차장앞교차로 빛고을중앙교회 1차로 주의운전 도로공사 -,126.8457155,35.1624254
2021-02-07 09:24:22,,2021-02-07 09:24:00,2021-02-07 18:00:00,0,공사 ,빛고을대로 용두교차로 지야대교 1차로 주의운전 도로공사 -,126.8773252,35.2356794
2021-02-07 09:24:39,,2021-02-07 09:24:00,2021-02-07 18:00:00,0,공사 ,성내천로 마천금호어울림1차아파 샬롬빌딩 2차로 주의운전 도로공사 -,127.1492985,37.5027346
2021-02-07 09:26:40,,2021-02-07 09:26:00,2021-02-07 18:00:00,0,공사 ,일반국도47호선 삼성역사거리 아이파크타워 1차로 주의운전 시설물보수 -,127.0626734,37.5106389
2021-02-07 09:27:09,,2021-02-07 09:27:00,2021-02-07 18:00:00,0,공사 ,터미널뒷길 광주화정아이파크1단지아파트 NH농협은행광천동지점 1차로 주의운전 도로공사 -,126.8833189,35.1589942
2021-02-07 09:29:15,,2021-02-07 09:29:00,2021-02-07 18:00:00,0,공사 ,소공로 시청앞광장 시청앞교차로 1차로 주의운전 도로공사 -,126.977916966814,37.5652407054703
2021-02-07 09:29:52,,2021-02-07 09:29:00,2021-02-07 18:00:00,0,공사 ,엄상동길 청담교회 양주중앙교회앞 1차로 주의운전 도로공사 -,127.068832388889,37.8302802777778
2021-02-07 09:30:35,,2021-02-07 09:30:00,2021-02-07 18:00:00,0,공사 ,회월3길 행복한장로교회 태경리드 1차로 주의운전 유지보수 -,126.8949306,35.1334878
2021-02-07 09:31:02,,2021-02-07 09:30:00,2021-02-07 18:00:00,0,공사 ,천호대로 상일IC입구교차로 생태공원사거리 1차로 주의운전 도로공사 -,127.173055555556,37.5472222222222
2021-02-07 09:31:08,,2021-02-07 09:31:00,2021-02-07 18:00:00,0,공사 ,이문로 회기역앞교차로 시조사삼거리 1차로 주의운전 도로공사 -,127.0537868,37.5889949
2021-02-07 09:32:05,,2021-02-07 09:31:00,2021-02-07 10:01:00,1,사고 ,새문안로5길 정부중앙청사별관 정부중앙청사앞교차로 1차로 효자로 펜스설치작업 교통사고 -,126.974403,37.5756104
2021-02-07 09:32:28,,2021-02-07 09:32:00,2021-02-07 18:00:00,0,공사 ,비슬로543길 대곡역삼거리 비슬로543길31 1차로 주의운전 도로공사 -,128.511487,35.8133307
2021-02-07 09:32:45,,2021-02-07 09:32:00,2021-02-07 23:00:00,0,공사 ,일반국도1호선 박정자삼거리 오일뱅크온천셀프 진행방향 전체차로 주의운전  도로공사 반대 차선 확인 요망,127.2597193,36.3745027
2021-02-07 09:33:39,,2021-02-07 09:32:00,2021-02-07 10:02:00,1,사고 ,올림픽대로 잠실철교 잠실대교 3차로 주의운전 교통사고 서울청,127.099061443402,37.5218517526931
2021-02-07 09:34:01,,2021-02-07 09:33:00,2021-02-07 10:03:00,1,사고 ,일반국도42호선 삼성전자삼거리 SOil원천셀프 1차로 주의운전 교통사고 -,127.067821499722,37.2689154997222
2021-02-07 09:35:11,,2021-02-07 09:35:00,2021-02-07 18:00:00,0,공사 ,일반국도39호선 중앙역사거리 중앙지하차도 4차로 주의운전 도로공사 -,126.8350304,37.3172507
2021-02-07 09:36:11,,2021-02-07 09:36:00,2021-02-07 18:00:00,0,공사 ,달성4길 한얼교중앙회 대구예루살렘교회 1차로 주의운전 도로공사 -,128.5779598,35.8780969
2021-02-07 09:36:20,,2021-02-07 09:36:00,2021-02-07 18:00:00,0,공사 ,마들로 창동열린극장교차로 창동운동장앞교차로 1차로 주의운전 도로공사 -,127.05018,37.6600807
2021-02-07 09:37:37,,2021-02-07 09:37:00,2021-02-07 18:00:00,0,공사 ,일반국도32호선 갑동4742 갑동산403 3차로 주의운전 도로공사 -,127.2752683,36.3607527
2021-02-07 09:37:41,,2021-02-07 09:37:00,2021-02-07 10:07:00,1,사고 ,일반국도43호선 여성회관입구교차로 신북 1차로 후미 170m 지체 교통사고 -,127.2113458,37.9056292
2021-02-07 09:38:26,,2021-02-07 09:38:00,2021-02-07 18:00:00,0,공사 ,지방도927호선 숭선대교남측 고아농협항곡지점 1차로 주의운전 도로공사 -,128.3521777,36.1893989
2021-02-07 09:38:33,,2021-02-07 09:38:00,2021-02-07 18:00:00,0,공사 ,노해로 창동하이마트 극동방송문화센터 1차로 주의운전 도로공사 -,127.0524188,37.6532333
2021-02-07 09:38:49,,2021-02-07 09:38:00,2021-02-07 18:00:00,0,공사 ,북비산로 한얼교중앙회 북비산네거리 1차로 주의운전 도로공사 -,128.5739011,35.8791449
2021-02-07 09:38:58,,2021-02-07 09:38:00,2021-02-07 10:08:00,1,사고 ,정릉로 북악터널동측 국민대학교앞교차로 3차로 주의운전 차량고장 -,126.9939471,37.6108812
2021-02-07 09:39:13,,2021-02-07 09:39:00,2021-02-07 18:00:00,0,공사 ,남부순환로394길 청실종합상가 대치초교 1차로 주의운전 도로공사 -,127.0578889,37.4924908
2021-02-07 09:39:26,,2021-02-07 09:38:00,2021-02-07 10:08:00,1,사고 ,강변북로 옥수역 용비교 1차로 주의운전 교통사고 서울청,127.024667811774,37.5433705861164
2021-02-07 09:39:33,,2021-02-07 09:39:00,2021-02-07 18:00:00,0,공사 ,태봉길 중앙역사거리 콩툰만화카페안산중앙점 2차로 주의운전 도로공사 -,126.8368172,37.3171345
2021-02-07 09:39:44,,2021-02-07 09:39:00,2021-02-07 18:00:00,0,공사 ,지방도611호선 장항볼링장 마서송내삼거리 1차로 주의운전 도로공사 -,126.6935308,36.0164275
2021-02-07 09:40:38,,2021-02-07 09:40:00,2021-02-07 18:00:00,0,공사 ,마들로 도봉경찰서앞교차로 녹천교앞교차로 1차로 주의운전 도로공사 -,127.0527919,37.6513674
2021-02-07 09:40:54,,2021-02-07 09:40:00,2021-02-07 18:00:00,0,공사 ,충선로 부광초입구사거리 생생한우와한돈 1차로 하수관공사 하수관거 작업 -,126.735277777778,37.4944444444445
2021-02-07 09:42:09,,2021-02-07 09:42:00,2021-02-07 18:00:00,0,공사 ,김상옥로 서울특별시재향군인회 기독교회관 1차로 주의운전 시설물보수 -,126.9986377,37.5733668
2021-02-07 09:42:10,,2021-02-07 09:42:00,2021-02-07 18:00:00,0,공사 ,동운초1길 광주은행운암동지점 운암3동행정복지센터 1차로 주의운전 도로공사 -,126.8758245,35.1836523
2021-02-07 09:43:23,,2021-02-07 09:43:00,2021-02-07 18:00:00,0,공사 ,덕릉로 녹천교앞교차로 녹천역입구교차로 1차로 주의운전 도로공사 -,127.0544922,37.6460609
2021-02-07 09:43:47,,2021-02-07 09:43:00,2021-02-07 18:00:00,0,공사 ,원당대로 신부교회 완정사거리 1차로 주의운전 도로공사 -,126.674859309058,37.5936649039982
2021-02-07 09:43:50,,2021-02-07 09:00:00,2021-02-07 15:00:00,0,공사 ,방어진순환도로 염포삼거리 성내삼거리 1차로 차선도색작업 도로공사 -,129.399332,35.5235241
2021-02-07 09:45:06,,2021-02-07 09:45:00,2021-02-07 18:00:00,0,공사 ,명지국제1로 명지동3622 명지동3622 1차로 주의운전 도로공사 -,128.9030456,35.0940221997222
2021-02-07 09:45:13,,2021-02-07 09:44:00,2021-02-07 10:14:00,1,사고 ,올림픽대로 잠실철교 잠실대교 3차로 주의운전 교통사고,127.101308696017,37.5231608048472
2021-02-07 09:45:25,,2021-02-07 09:45:00,2021-02-07 18:00:00,0,공사 ,일반국도1호선 세동교 세동교차로 2차로 주의운전 도로공사 -,127.2631887,36.3122589
2021-02-07 09:46:14,,2021-02-07 09:46:00,2021-02-07 18:00:00,0,공사 ,보문산로 충대병원후문 솔밭로시점 1차로 주의운전 도로공사 -,127.4177766,36.3171019
2021-02-07 09:47:42,,2021-02-07 09:47:00,2021-02-07 18:00:00,0,공사 ,문예공원길 새움교회 목련네거리 1차로 후미상황 통행주의 도로공사 -,127.390287826317,36.3485726488203
2021-02-07 09:48:25,,2021-02-07 09:48:00,2021-02-07 18:00:00,0,공사 ,천호대로69길 신답지하차도 답십리근린생활시설 1차로 주의운전 도로공사 -,127.0512955,37.5683237
2021-02-07 09:48:30,,2021-02-07 09:48:00,2021-02-07 18:00:00,0,공사 ,까치고개길 아미치안센터 산상교회 1차로 주의운전 도로공사 -,129.0149107,35.0999509
2021-02-07 09:49:21,,2021-02-07 09:49:00,2021-02-07 10:19:00,1,사고 ,경부고속도로 반포IC 한남IC 4차로 0km(한남IC방향) 주의운전 차량고장 -,127.016005555556,37.5102055555556
2021-02-07 09:49:28,,2021-02-07 09:49:00,2021-02-07 18:00:00,0,공사 ,경원로 굴다리오거리 부평역사거리 1차로 주의운전 도로공사 -,126.7275637,37.4911712
2021-02-07 09:50:09,,2021-02-07 09:50:00,2021-02-07 18:00:00,0,공사 ,시화호수로 신한광기술 동양테크필사거리 1차로 주의운전 도로공사 -,126.7838038,37.2954217
2021-02-07 09:50:18,,2021-02-07 09:50:00,2021-02-07 18:00:00,0,공사 ,동광로12길 방배한진로즈힐아파트 대우디오슈페리움2 1차로 주의운전 시설물보수 -,126.9821768,37.4873729
2021-02-07 09:50:28,,2021-02-07 09:50:00,2021-02-07 10:20:00,1,사고 ,월드컵북로 성산동산5010 중암교앞교차로 1차로 주의운전 교통사고 -,126.899174892894,37.57293949968
2021-02-07 09:51:19,,2021-02-07 09:51:00,2021-02-07 18:00:00,0,공사 ,대청호수로 비룡교차로 비룡삼거리 진행방향 전체차로 주의운전 도로공사 -,127.4777721,36.3438166
2021-02-07 09:51:31,,2021-02-07 09:51:00,2021-02-07 10:21:00,1,사고 ,경부고속도로 잠원IC 한남IC 4차로 화물차. 후미 서행 고장 차량 서울청,127.015840415751,37.5104810222225
2021-02-07 09:51:52,,2021-02-07 09:51:00,2021-02-07 18:00:00,0,공사 ,다산중앙로146번길 다산동6255 배양리8434 1차로 후미서행 시설물보수 -,127.1494769,37.6252715
2021-02-07 09:52:02,,2021-02-07 09:52:00,2021-02-07 10:22:00,1,사고 ,벽적골길 영덕고삼거리 벽적공원사거리 1차로 주의운전 교통사고 -,127.0667808,37.2537349997222
2021-02-07 09:53:33,,2021-02-07 09:53:00,2021-02-07 18:00:00,0,공사 ,서암로 중흥삼거리 SOil신흥 1차로 주의운전 도로공사 -,126.9108669,35.1668512
2021-02-07 09:54:22,,2021-02-07 09:54:00,2021-02-07 18:00:00,0,공사 ,상당로 도청사거리 상당사거리 1차로 주의운전 도로공사 -,127.4906254,36.6347625
2021-02-07 09:54:47,,2021-02-07 09:53:00,2021-02-07 10:23:00,1,사고 ,월드컵북로 상암사거리 중암교동단 2차로 후미 원활 교통사고 서울청,126.899353986783,37.5729865835965
2021-02-07 09:55:16,,2021-02-07 09:55:00,2021-02-07 10:25:00,1,사고 ,수영로 금련산역4번출구 장대골삼거리 3차로 주의운전 교통사고 -,129.1123146,35.1539445
2021-02-07 09:55:33,,2021-02-07 09:55:00,2021-02-07 18:00:00,0,공사 ,다산중앙로82번길 지금동6621 지금동6484 1차로 후미서행 시설물보수 -,127.1531612,37.6224828
2021-02-07 09:56:24,,2021-02-07 09:56:00,2021-02-07 18:00:00,0,공사 ,일반국도42호선 버스터미널사거리 새로운병원 1차로 주의운전 하수관거 작업 -,127.6338664,37.2889248
2021-02-07 09:56:40,,2021-02-07 09:55:00,2021-02-07 10:25:00,1,사고 ,삼성로 세화사거리 큰우물사거리 1차로 주의운전 교통사고 -,127.0632889,37.2625984
2021-02-07 09:57:19,,2021-02-07 09:57:00,2021-02-07 10:27:00,1,사고 ,삼성로 큰우물사거리 세화사거리 1차로 주의운전 교통사고 -,127.0610963,37.2647881997222
2021-02-07 09:58:19,,2021-02-07 09:57:00,2021-02-07 10:27:00,2,통제 ,인수봉로 한신대앞교차로 백십자약국 2차로 주의운전 공사 -,127.0134645,37.634115
2021-02-07 09:58:42,,2021-02-07 09:57:00,2021-02-07 12:27:00,0,공사 ,달구벌대로 죽전동338 죽전네거리 1차로 양방향 1차로 막고 공사 도로도색 추가내용,128.536799158983,35.8501027657266
2021-02-07 09:58:48,,2021-02-07 09:58:00,2021-02-07 18:00:00,0,공사 ,봉래길 동삼교회앞삼거리 KT동삼사옥 1차로 인도보수공사로 차로부분통제 운행에 유의 도로공사 -,129.0746052,35.0734099
2021-02-07 10:02:07,,2021-02-07 10:02:00,2021-02-07 18:00:00,0,공사 ,지방도806호선 신안교북측 평동교차로 1차로 주의운전 도로공사 -,126.6044816,34.5564496
2021-02-07 10:02:17,,2021-02-07 10:02:00,2021-02-07 10:32:00,1,사고 ,둔산대로 만년네거리 대전선한목자교회 1차로 후미상황 통행주의 교통사고 -,127.377903665239,36.364863575966
2021-02-07 10:04:58,,2021-02-07 10:04:00,2021-02-07 18:00:00,0,공사 ,삼양로 월드아파트 국립419민주묘지입구사거리 1,2차로 주의운전 도로공사 -,127.012245990827,37.6514472738749
2021-02-07 10:05:17,,2021-02-07 10:05:00,2021-02-07 18:00:00,0,공사 ,아시아드로 미남역1번출구 미남역 1차로 주의운전 도로공사 -,129.067685,35.2045965
2021-02-07 10:05:32,,2021-02-07 10:05:00,2021-02-07 10:35:00,1,사고 ,동서로 용전네거리 한국통신 용전점 3차로 주의운전 교통사고 -,127.4323264,36.3477509
2021-02-07 10:06:27,,2021-02-07 10:06:00,2021-02-07 18:00:00,0,공사 ,제1공단3길 동진슈퍼휴게실 금학교 1차로 주의운전 도로공사 -,127.1004829,35.8626395
2021-02-07 10:06:57,,2021-02-07 10:06:00,2021-02-07 18:00:00,0,공사 ,동부로 영전2교차로 낙민교차로 1차로 주의운전 도로공사 -,128.2144423,35.5736408
2021-02-07 10:07:03,,2021-02-07 10:06:00,2021-02-07 18:00:00,0,공사 ,일반국도18호선 신남외리삼거리 장흥대교서측 1차로 갓길없음  도로공사 -,126.8996517,34.6721357
2021-02-07 10:07:14,,2021-02-07 10:07:00,2021-02-07 18:00:00,0,공사 ,구봉로 관저어린이집 진잠네거리 1차로 주의운전 도로공사 -,127.3252738,36.2978422
2021-02-07 10:08:24,,2021-02-07 10:08:00,2021-02-07 18:00:00,0,공사 ,일반국도45호선 구봉마을앞교차로 영화촬영소입구교차로 1차로 주의운전 도로공사 -,127.3325765,37.5886847
2021-02-07 10:08:32,,2021-02-07 10:08:00,2021-02-07 18:00:00,0,공사 ,일반국도5호선 토마스요양병원 앞 학곡사거리 2차로 주의운전 도로공사 -,127.7599013,37.835884
2021-02-07 10:09:58,,2021-02-07 10:09:00,2021-02-07 18:00:00,0,공사 ,일반국도45호선 영화촬영소입구교차로 구봉마을앞교차로 1차로 주의운전 도로공사 -,127.335398,37.590989
2021-02-07 10:10:16,,2021-02-07 10:09:00,2021-02-07 10:39:00,1,사고 ,구즉세종로 신탄진 문평대교 2차로 사고위험 교통사고 -,127.3884111,36.4434222
2021-02-07 10:10:36,,2021-02-07 10:10:00,2021-02-07 18:00:00,0,공사 ,일반국도3호선 군자교앞 중곡주유소 1차로 주의운전 도로공사 -,127.0750803,37.5588768
2021-02-07 10:11:18,,2021-02-07 10:10:00,2021-02-07 10:40:00,1,사고 ,선유로 양평동사거리 선유중학교앞교차로 3차로 주의운전 교통사고 서울청,126.895436387648,37.5331185388642
2021-02-07 10:11:25,,2021-02-07 10:11:00,2021-02-07 18:00:00,0,공사 ,동작대로 삼원빌딩 경문고교입구교차로 1차로 주의운전 도로공사 -,126.982366,37.4885204
2021-02-07 10:11:53,,2021-02-07 10:11:00,2021-02-07 18:00:00,0,공사 ,관저서로 구봉마을아파트9단지 관저동1634 1차로 주의운전 도로공사 -,127.3307786,36.2924687
2021-02-07 10:13:24,,2021-02-07 10:13:00,2021-02-07 10:43:00,1,사고 ,부원로 산곡동444 장고개길삼거리 1차로 주의운전 교통사고 -,126.7163502,37.4988193
2021-02-07 10:13:42,,2021-02-07 10:13:00,2021-02-07 20:43:00,2,통제 ,일반국도27호선 아트가있는100번지카페 풍남문교차로 1차로 주의운전 공사 -,127.1484884,35.8140405997222
2021-02-07 10:14:04,,2021-02-07 10:13:00,2021-02-07 18:00:00,0,공사 ,월계로 북서울꿈의숲동문앞교차로 창문여고 3차로 주의운전 도로공사 -,127.040990832237,37.6166230619299
2021-02-07 10:14:05,,2021-02-07 10:14:00,2021-02-07 18:00:00,0,공사 ,비행장길 수퍼통닭휴게실 전미동2가전미로107 1차로 주의운전 도로공사 -,127.1123993,35.8778884997222
2021-02-07 10:14:34,,2021-02-07 10:14:00,2021-02-07 18:00:00,0,공사 ,옛신탄진로 홍도철길3가 동산지하차도 1차로 주의운전 시설물보수 -,127.422551,36.3460771
2021-02-07 10:15:03,,2021-02-07 10:14:00,2021-02-07 18:00:00,0,공사 ,돌마로 머내공원사거리 미금역사거리 1차로 주의운전 도로공사 -,127.1075,37.35
2021-02-07 10:15:14,,2021-02-07 10:14:00,2021-02-07 18:00:00,0,공사 ,가정로37번길 가정로 염곡로 1차로 작업중으로 서행요구됨 도로공사 -,126.6324283,37.5379008
2021-02-07 10:15:41,,2021-02-07 10:15:00,2021-02-07 18:00:00,0,공사 ,일반국도1호선 부흥고삼거리 덕촌교 1차로 주의운전 도로공사 -,126.942601858457,37.3935328233164
2021-02-07 10:15:52,,2021-02-07 10:14:00,2021-02-07 18:00:00,0,공사 ,좌동길 좌천교차로 울산 방향 1차로 주의운전 도로공사 -,129.2412061,35.3202444
2021-02-07 10:15:53,,2021-02-07 10:15:00,2021-02-07 18:00:00,0,공사 ,중앙로 한산대첩광장 라코스테 1차로 시설물공사로 인한 교통불편 시설물보수 -,128.4240094,34.8423773
2021-02-07 10:16:28,,2021-02-07 10:16:00,2021-02-07 18:00:00,0,공사 ,달구벌대로 반월당네거리 대구학원 1,2차로 주의운전 도로공사 -,128.5955288,35.8649231
2021-02-07 10:16:54,,2021-02-07 10:16:00,2021-02-07 18:00:00,0,공사 ,천변도시고속화도로 대화TG 대전아스콘 2차로 사고위험 도로공사 -,127.4037425,36.3748167
2021-02-07 10:18:26,,2021-02-07 10:18:00,2021-02-07 18:00:00,0,공사 ,통영대전고속도로 함양휴게소 지곡IC 1차로 주의운전 시설물보수 -,127.7594745,35.5565966
2021-02-07 10:18:48,,2021-02-07 10:18:00,2021-02-07 18:00:00,0,공사 ,비슬로 강림1교차로 달성옥포농공단지 3차로 주의운전  하수도/배수로 작업 -,128.4307276613,35.7792966880039
2021-02-07 10:19:17,,2021-02-07 10:18:00,2021-02-07 18:00:00,0,공사 ,오패산로 방천시장입구교차로 미아4동사무소 1차로 주의운전 도로공사 -,127.0358263,37.6119414
2021-02-07 10:19:32,,2021-02-07 10:18:00,2021-02-07 18:00:00,0,공사 ,고산로151번길 군포시의왕시 거성아파트2차 1차로 주의운전 시설물보수 -,126.95638654417,37.3436987494584
2021-02-07 10:20:57,,2021-02-07 10:20:00,2021-02-07 18:00:00,0,공사 ,신림로 신림1교교차로 문화교 2차로 소통원활 시설물보수 -,126.932801,37.4779767
2021-02-07 10:21:03,,2021-02-07 10:20:00,2021-02-07 10:50:00,1,사고 ,서해안고속도로 줄포IC 부안IC남측 2차로 0km(부안IC방향) 갓길고장수리중 차량고장 -,126.7362683,35.675757
2021-02-07 10:21:18,,2021-02-07 10:21:00,2021-02-07 18:00:00,0,공사 ,월미로 대한제당인천제당공장 월미도입구교차로 2차로 주의운전 도로공사 -,126.6087746,37.4771894
2021-02-07 10:21:50,,2021-02-07 10:21:00,2021-02-07 10:51:00,1,사고 ,미사대로 망월동315 미사IC남측 3차로 주의운전 교통사고 -,127.194166666667,37.5772222222222
2021-02-07 10:22:13,,2021-02-07 10:00:00,2021-02-07 15:00:00,0,공사 ,일반국도7호선 노포삼거리 노포교 1차로 주의운전 도로공사 -,129.0965718,35.2866016
2021-02-07 10:22:20,,2021-02-07 10:21:00,2021-02-07 18:00:00,0,공사 ,차로공사 영광우체구 중앙초교 1차로 주의운전 도로공사 -,126.5347141,35.2351389
2021-02-07 10:23:38,,2021-02-07 10:23:00,2021-02-07 18:00:00,0,공사 ,공단서2길 학장제일교회 감전수로3호교 1차로 주의운전 도로공사 -,128.981525099722,35.1490313997222
2021-02-07 10:24:34,,2021-02-07 10:24:00,2021-02-07 18:00:00,0,공사 ,보문로 중구청네거리 선화공원네거리 1차로 주의운전 도로공사 -,127.4215853,36.3273772
2021-02-07 10:24:46,,2021-02-07 10:24:00,2021-02-07 18:00:00,0,공사 ,시흥대로789번길 포동사거리 포리교 1차로 도로주변공사 관련 교통통제 도로공사 -,126.7889676,37.4075774
2021-02-07 10:25:18,,2021-02-07 10:25:00,2021-02-07 10:55:00,1,사고 ,일반국도3호선 복정3교 복정동행정복지센터 1차로 주의운전 교통사고 -,127.126204697534,37.4660451477744
2021-02-07 10:25:44,,2021-02-07 10:25:00,2021-02-07 18:00:00,0,공사 ,갈현로 서북병원사거리 은평마을 1차로 주의운전 시설물보수 -,126.910555555556,37.6055555555556
2021-02-07 10:25:59,,2021-02-07 10:25:00,2021-02-07 18:00:00,0,공사 ,고산로151번길 거성아파트2차 군포시의왕시 1차로 주의운전 시설물보수 -,126.957096261214,37.3443810737852
2021-02-07 10:26:16,,2021-02-07 10:24:00,2021-02-07 10:54:00,1,사고 ,동부간선도로 응봉교 용비교 1차로 주의운전 교통사고 서울청,127.034910035793,37.5469900190311
2021-02-07 10:27:06,,2021-02-07 10:27:00,2021-02-07 18:00:00,0,공사 ,대종로 중앙로역네거리 으능정이네거리 1차로 주의운전 도로공사 -,127.4259213,36.3284928
2021-02-07 10:27:17,,2021-02-07 10:27:00,2021-02-07 18:00:00,0,공사 ,도안동로 도안계룡리슈빌 도안동1493 1차로 주의운전 도로공사 -,127.3480727,36.3178546
2021-02-07 10:27:47,,2021-02-07 10:27:00,2021-02-07 10:57:00,1,사고 ,홍도동길 오정동 스타벅스 오정동 중앙침례교회 2차로 사고위험 구조작업 -,127.4274486,36.3556947
2021-02-07 10:28:32,,2021-02-07 10:28:00,2021-02-07 18:00:00,0,공사 ,구리로 학남초등교앞 북구국우동1123 1차로 주의운전 하수관거 작업 -,128.5646351,35.946572
2021-02-07 10:28:50,,2021-02-07 10:28:00,2021-02-07 10:58:00,1,사고 ,종암로 종암사거리 미아사거리 1차로 주의운전 교통사고 -,127.0316423,37.6043162
2021-02-07 10:28:58,,2021-02-07 10:28:00,2021-02-07 10:58:00,1,사고 ,일반국도3호선 성남병원앞삼거리 태평고개사거리 1차로 주의운전 교통사고 -,127.126914232072,37.444532351074
2021-02-07 10:28:59,,2021-02-07 10:28:00,2021-02-07 10:58:00,1,사고 ,통일로 불광역사거리 서울혁신파크교차로 3차로 주의운전 교통사고 서울청,126.930551728882,37.6096929473146
2021-02-07 10:30:07,,2021-02-07 10:30:00,2021-02-07 18:00:00,0,공사 ,중교로 전통다원차야 중구보건지소네거리 1차로 주의운전 도로공사 -,127.424453299722,36.3256464997222
2021-02-07 10:30:36,,2021-02-07 10:29:00,2021-02-07 10:59:00,1,사고 ,천논선 정안ic 남공주ic 1차로 0km(방향) 주의운전 차량고장 -,127.1041929,36.5034854
2021-02-07 10:31:17,,2021-02-07 10:30:00,2021-02-07 18:00:00,0,공사 ,일반국도17호선 원동네거리 인동네거리 3차로 주의운전 시설물보수 -,127.4354134,36.3263383
2021-02-07 10:31:21,,2021-02-07 10:31:00,2021-02-07 18:00:00,0,공사 ,경부고속도로 교량북측 교동1교서측 1차로 대흥맨션 앞 고가도로 건설 주의운전 도로공사 -,128.0916863,36.1375898
2021-02-07 10:33:01,20,2021-02-07 10:27:02,2021-02-07 10:57:00,1,사고 ,통일로 불광역사거리 채유병산부인과 3차로 주의운전 교통사고 -,126.9305661,37.6096605
2021-02-07 10:33:31,22,2021-02-07 10:27:02,2021-02-07 18:00:00,0,공사 ,도안동로 도안계룡리슈빌 도안동1493 1차로 주의운전 도로공사 -,127.3480727,36.3178546
2021-02-07 10:34:00,26,2021-02-07 10:27:02,2021-02-07 18:00:00,0,공사 ,대종로 중앙로역네거리 으능정이네거리 1차로 주의운전 도로공사 -,127.4259213,36.3284928
2021-02-07 10:34:31,28,2021-02-07 10:24:02,2021-02-07 10:54:00,1,사고 ,동부간선도로 응봉교 용비교 1차로 주의운전 교통사고 서울청,127.034910035793,37.5469900190311
2021-02-07 10:34:40,,2021-02-07 10:34:00,2021-02-07 18:00:00,0,공사 ,중앙로 중구청역네거리 중구청네거리 1차로 주의운전 도로공사 -,127.4203851,36.325442
2021-02-07 10:35:01,32,2021-02-07 10:25:02,2021-02-07 18:00:00,0,공사 ,고산로151번길 거성아파트2차 군포시의왕시 1차로 주의운전 시설물보수 -,126.957096261214,37.3443810737852
2021-02-07 10:35:22,,2021-02-07 10:34:00,2021-02-07 11:04:00,1,사고 ,논현로 학동역사거리 차병원사거리 3차로 주의운전 교통사고 -,127.032090989548,37.5111740116099
2021-02-07 10:35:31,35,2021-02-07 10:31:02,2021-02-07 18:00:00,0,공사 ,경부고속도로 교량북측 교동1교서측 1차로 대흥맨션 앞 고가도로 건설 주의운전 도로공사 -,128.0916863,36.1375898
2021-02-07 10:36:01,40,2021-02-07 10:30:02,2021-02-07 18:00:00,0,공사 ,일반국도17호선 원동네거리 인동네거리 3차로 주의운전 시설물보수 -,127.4354134,36.3263383
2021-02-07 10:36:31,,2021-02-07 10:36:00,2021-02-07 18:00:00,0,공사 ,흡내길 엠제이아트홀 시온성결교회 1차로 주의운전 도로공사 -,127.4378706,36.3496849
2021-02-07 10:36:31,69,2021-02-07 10:29:02,2021-02-07 10:59:00,1,사고 ,천논선 정안ic 남공주ic 1차로 0km(방향) 주의운전 차량고장 -,127.1041929,36.5034854
2021-02-07 10:37:01,75,2021-02-07 10:30:02,2021-02-07 18:00:00,0,공사 ,중교로 전통다원차야 중구보건지소네거리 1차로 주의운전 도로공사 -,127.424453299722,36.3256464997222
2021-02-07 10:37:05,,2021-02-07 10:37:00,2021-02-07 18:00:00,0,공사 ,호평로 호평지하차도 호평주공23단지입구 1차로 후미서행 시설물보수 -,127.2565804,37.6552671
2021-02-07 10:38:26,,2021-02-07 10:38:00,2021-02-07 18:00:00,0,공사 ,장위로15길 장곡초교 내고향한우 1차로 주의운전 도로공사 -,127.0409296,37.6161715
2021-02-07 10:38:51,,2021-02-07 10:38:00,2021-02-07 18:00:00,0,공사 ,상무대로 상무대로입구 상무역교차로 4차로 주의운전 도로공사 -,126.8447335,35.1448383
2021-02-07 10:38:54,,2021-02-07 10:38:00,2021-02-07 11:08:00,1,사고 ,우성사옥 우성사옥 금천축산물도매센터 1차로 사고위험 교통사고 -,127.4125671,36.3586296
2021-02-07 10:39:53,,2021-02-07 10:39:00,2021-02-07 11:09:00,2,통제 ,일반국도42호선 도화IC 도화IC 1차로 주의운전 공사 -,126.6714663,37.4621576
2021-02-07 10:40:29,,2021-02-07 10:40:00,2021-02-07 18:00:00,0,공사 ,일반국도42호선 도화IC 도화IC 1차로 주의운전 도로공사 -,126.6714988,37.4622586
2021-02-07 10:40:30,101,2021-02-07 10:38:02,2021-02-07 11:08:00,1,사고 ,우성사옥 우성사옥 금천축산물도매센터 1차로 사고위험 교통사고 -,127.4125671,36.3586296
2021-02-07 10:40:34,,2021-02-07 10:40:00,2021-02-07 18:00:00,0,공사 ,운천로 바빈스커피광주금호점 풍금사거리 3차로 주의운전 유지보수 -,126.859063469444,35.133282875
2021-02-07 10:40:49,,2021-02-07 10:39:00,2021-02-07 23:59:00,2,통제 ,아리랑길 읍내네거리 원촌교4가  2차로 숭월주유소>>애경유지3가  상수도공사  공사 -,127.416696,36.3753017
2021-02-07 10:41:00,106,2021-02-07 10:38:02,2021-02-07 18:00:00,0,공사 ,상무대로 상무대로입구 상무역교차로 4차로 주의운전 도로공사 -,126.8447335,35.1448383
2021-02-07 10:41:30,130,2021-02-07 10:38:02,2021-02-07 18:00:00,0,공사 ,장위로15길 장곡초교 내고향한우 1차로 주의운전 도로공사 -,127.0409296,37.6161715
2021-02-07 10:42:00,136,2021-02-07 10:37:02,2021-02-07 18:00:00,0,공사 ,호평로 호평지하차도 호평주공23단지입구 1차로 후미서행 시설물보수 -,127.2565804,37.6552671
2021-02-07 10:42:18,,2021-02-07 10:42:00,2021-02-07 18:00:00,0,공사 ,디지털로 디지털단지오거리 만민중앙교회앞교차로 1차로 주의운전 도로공사 -,126.8918902,37.4810180997222
2021-02-07 10:42:31,149,2021-02-07 10:36:02,2021-02-07 18:00:00,0,공사 ,흡내길 엠제이아트홀 시온성결교회 1차로 주의운전 도로공사 -,127.4378706,36.3496849
2021-02-07 10:42:35,,2021-02-07 10:42:00,2021-02-07 18:00:00,0,공사 ,산업용재로 현대HCN금호방송 산격119안전센터 2차로 주의운전 도로공사 -,128.6158702,35.9075141
2021-02-07 10:43:01,150,2021-02-07 10:34:02,2021-02-07 11:04:00,1,사고 ,논현로 학동역사거리 차병원사거리 3차로 주의운전 교통사고 -,127.032090989548,37.5111740116099
2021-02-07 10:43:09,,2021-02-07 10:43:00,2021-02-07 18:00:00,0,공사 ,내부순환로 사근IC 마장동분기점 1차로 주의운전 도로공사 -,127.0479579,37.5641302
2021-02-07 10:43:31,152,2021-02-07 10:34:02,2021-02-07 18:00:00,0,공사 ,중앙로 중구청역네거리 중구청네거리 1차로 주의운전 도로공사 -,127.4203851,36.325442
2021-02-07 10:44:31,,2021-02-07 10:43:00,2021-02-07 11:13:00,1,사고 ,강변북로 동작대교 반포대교 3차로 주의운전 교통사고 서울청,126.987840191728,37.5164866505102
2021-02-07 10:45:31,168,2021-02-07 10:43:02,2021-02-07 11:13:00,1,사고 ,강변북로 동작대교 반포대교 3차로 주의운전 교통사고 서울청,126.987840191728,37.5164866505102
2021-02-07 10:45:32,,2021-02-07 10:45:00,2021-02-07 18:00:00,0,공사 ,일반국도42호선 도화IC 도화IC 1차로 주의운전 도로공사 -,126.6715072,37.4620599
2021-02-07 10:46:00,173,2021-02-07 10:43:02,2021-02-07 18:00:00,0,공사 ,내부순환로 사근IC 마장동분기점 1차로 주의운전 도로공사 -,127.0479579,37.5641302
2021-02-07 10:46:30,202,2021-02-07 10:42:02,2021-02-07 18:00:00,0,공사 ,산업용재로 현대HCN금호방송 산격119안전센터 2차로 주의운전 도로공사 -,128.6158702,35.9075141
2021-02-07 10:46:34,,2021-02-07 10:46:00,2021-02-07 18:00:00,0,공사 ,제2경인고속도로 연수JC 송도IC 2차로 주의운전 도로공사 -,126.626233,37.4041316
2021-02-07 10:47:00,213,2021-02-07 10:42:02,2021-02-07 18:00:00,0,공사 ,디지털로 디지털단지오거리 만민중앙교회앞교차로 1차로 주의운전 도로공사 -,126.8918902,37.4810180997222
2021-02-07 10:47:03,,2021-02-07 10:46:00,2021-02-07 18:00:00,0,공사 ,동서로 시장곡동787 동서로고가차도 1차로 도로주변공사 관련 교통통제 도로공사 -,126.7771648,37.382544
2021-02-07 10:47:30,227,2021-02-07 10:39:02,2021-02-07 23:59:00,2,통제 ,아리랑길 읍내네거리 원촌교4가  2차로 숭월주유소>>애경유지3가  상수도공사  공사 -,127.416696,36.3753017
2021-02-07 10:47:38,,2021-02-07 10:47:00,2021-02-07 18:00:00,0,공사 ,살곶이길 사근삼거리 성동교북측 1차로 주의운전 도로공사 -,127.0503478,37.5560122
2021-02-07 10:47:46,,2021-02-07 10:47:00,2021-02-07 18:00:00,0,공사 ,인천타워대로 송도동2919 아이쿱생협경남물류센터 3차로 주의운전 도로공사 -,126.628104,37.4039643
2021-02-07 10:48:00,230,2021-02-07 10:40:02,2021-02-07 18:00:00,0,공사 ,운천로 바빈스커피광주금호점 풍금사거리 3차로 주의운전 유지보수 -,126.859063469444,35.133282875
2021-02-07 10:48:30,233,2021-02-07 10:40:02,2021-02-07 18:00:00,0,공사 ,일반국도42호선 도화IC 도화IC 1차로 주의운전 도로공사 -,126.6714988,37.4622586
2021-02-07 10:49:00,234,2021-02-07 10:39:02,2021-02-07 11:09:00,2,통제 ,일반국도42호선 도화IC 도화IC 1차로 주의운전 공사 -,126.6714663,37.4621576
2021-02-07 10:49:14,,2021-02-07 10:49:00,2021-02-07 18:00:00,0,공사 ,일반국도43호선 고산동입구교차로 송산로955 1차로 주의운전 도로공사 -,127.094486269487,37.7262413780452
2021-02-07 10:49:43,,2021-02-07 10:42:57,2021-02-07 13:51:41,0,공사 ,호남선(0251) (차로교대)긴급노면보수작업중 [고속도로]호남선(0251) (차로교대)긴급노면보수작업중,126.9984,35.7694
2021-02-07 10:50:00,,2021-02-07 10:49:00,2021-02-07 18:00:00,0,공사 ,제2경인고속도로 연수JC 송도IC 1차로 주의운전 도로공사 -,126.6261073,37.405833
2021-02-07 10:50:09,,2021-02-07 10:50:00,2021-02-07 18:00:00,0,공사 ,수색로 수색역교차로 수색교앞교차로 1차로 주의운전 도로공사 -,126.8875098,37.5870553
2021-02-07 10:50:30,240,2021-02-07 10:47:02,2021-02-07 18:00:00,0,공사 ,인천타워대로 송도동2919 아이쿱생협경남물류센터 3차로 주의운전 도로공사 -,126.628104,37.4039643
2021-02-07 10:50:39,,2021-02-07 10:50:00,2021-02-07 18:00:00,0,공사 ,동부간선도로 마들지하차도남측 마들지하차도북측 1차로 주의운전 시설물보수 -,127.057118,37.6465069722222
2021-02-07 10:51:00,245,2021-02-07 10:47:02,2021-02-07 18:00:00,0,공사 ,살곶이길 사근삼거리 성동교북측 1차로 주의운전 도로공사 -,127.0503478,37.5560122
2021-02-07 10:51:22,,2021-02-07 10:51:00,2021-02-07 11:21:00,1,사고 ,동부간선도로 노원지하차도북측 노원지하차도남측 1차로 주의운전 교통사고 -,127.0550798,37.6522551
2021-02-07 10:51:30,274,2021-02-07 10:46:02,2021-02-07 18:00:00,0,공사 ,동서로 시장곡동787 동서로고가차도 1차로 도로주변공사 관련 교통통제 도로공사 -,126.7771648,37.382544
2021-02-07 10:52:01,284,2021-02-07 10:46:02,2021-02-07 18:00:00,0,공사 ,제2경인고속도로 연수JC 송도IC 2차로 주의운전 도로공사 -,126.626233,37.4041316
2021-02-07 10:52:30,297,2021-02-07 10:45:02,2021-02-07 18:00:00,0,공사 ,일반국도42호선 도화IC 도화IC 1차로 주의운전 도로공사 -,126.6715072,37.4620599
2021-02-07 10:54:29,,2021-02-07 10:53:00,2021-02-07 11:23:00,2,기상 ,봉오대로 봉오고가사거리 서운사거리 1차로 안개 기상 반대 차선 확인 요망,126.7625424,37.5381879997222
2021-02-07 10:55:30,310,2021-02-07 10:51:02,2021-02-07 11:21:00,1,사고 ,동부간선도로 노원지하차도북측 노원지하차도남측 1차로 주의운전 교통사고 -,127.0550798,37.6522551
2021-02-07 10:55:35,,2021-02-07 10:54:00,2021-02-07 18:00:00,0,공사 ,서문로 현대자동차사거리 현대자동차사거리 1차로 건물 철거공사로 인한 도로통제 도로공사 -,128.6215396,34.889311
2021-02-07 10:56:01,315,2021-02-07 10:50:02,2021-02-07 18:00:00,0,공사 ,동부간선도로 마들지하차도남측 마들지하차도북측 1차로 주의운전 시설물보수 -,127.057118,37.6465069722222
2021-02-07 10:56:34,353,2021-02-07 10:50:02,2021-02-07 18:00:00,0,공사 ,수색로 수색역교차로 수색교앞교차로 1차로 주의운전 도로공사 -,126.8875098,37.5870553
2021-02-07 10:57:00,359,2021-02-07 10:49:02,2021-02-07 18:00:00,0,공사 ,제2경인고속도로 연수JC 송도IC 1차로 주의운전 도로공사 -,126.6261073,37.405833
2021-02-07 10:57:21,,2021-02-07 10:00:00,2021-02-07 18:00:00,0,공사 ,길주로 계남고가차도 계남고가차도 1차로 주의운전 시설물보수 -,126.7776408,37.503036
2021-02-07 10:57:38,,2021-02-07 10:57:00,2021-02-07 18:00:00,0,공사 ,덕릉로 녹천교앞교차로 상계주공아파트1단지 1차로 주의운전 도로공사 -,127.0576243,37.6453576
2021-02-07 10:58:00,364,2021-02-07 10:49:02,2021-02-07 18:00:00,0,공사 ,일반국도43호선 고산동입구교차로 송산로955 1차로 주의운전 도로공사 -,127.094486269487,37.7262413780452
2021-02-07 10:58:28,,2021-02-07 10:58:00,2021-02-07 18:00:00,0,공사 ,아차산로 뚝섬역7번출구 뚝섬역1번출구 1차로 주의운전 시설물보수 -,127.0460439,37.5479976
2021-02-07 11:01:48,,2021-02-07 11:01:00,2021-02-07 18:00:00,0,공사 ,청계천로 세운교 청계3가사거리 1차로 주의운전 도로공사 -,126.995211574594,37.5687623484541
2021-02-07 11:03:28,,2021-02-07 11:03:00,2021-02-07 18:00:00,0,공사 ,강변로 강변로283 세경2차아파트 1차로 주의운전 도로공사 -,127.962811299722,37.3391704
2021-02-07 11:04:34,,2021-02-07 11:03:00,2021-02-07 18:00:00,0,공사 ,고분로 부산경상대학교우체국 엘지아파트 삼거리 2차로 공사로 인한 시설물 보수 시설물보수 -,129.1011712,35.1855072
2021-02-07 11:06:40,,2021-02-07 11:06:00,2021-02-07 18:00:00,0,공사 ,난계로 논골사거리 금호벽산아파트 1차로 주의운전 도로공사 -,127.0251803,37.5525231
2021-02-07 11:10:52,,2021-02-07 11:10:00,2021-02-07 18:00:00,0,공사 ,행당로 논골사거리 신금호역앞교차로 1차로 주의운전 시설물보수 -,127.021045,37.5546846
2021-02-07 11:10:58,,2021-02-07 11:10:00,2021-02-07 11:40:00,2,통제 ,검배로 돌다리사거리 수택동사거리 1차로 주의운전 공사 반대 차선 확인 요망,127.140411599722,37.5975038997222
2021-02-07 11:10:59,,2021-02-07 11:10:00,2021-02-07 18:00:00,0,공사 ,자유로 자유로JC 자유로IC 1차로 주의운전 도로공사 -,126.7984254,37.6174878
2021-02-07 11:11:50,,2021-02-07 11:11:00,2021-02-07 18:00:00,0,공사 ,테헤란로87길 선릉역사거리 포스코사거리 1차로 주의운전 시설물보수 -,127.058496854729,37.507625474444
2021-02-07 11:13:33,,2021-02-07 11:13:00,2021-02-07 18:00:00,0,공사 ,삼성로 삼성당마을앞교차로 능곡육교앞교차로 1차로 주의운전 도로공사 -,126.8078197,37.6229637
2021-02-07 11:16:11,,2021-02-07 11:14:00,2021-02-07 18:00:00,0,공사 ,일반국도75호선 가평공업사앞 요거프레소가평점 1차로 지중화 강관압입공사 하수관거 작업 -,127.514896,37.8271341
2021-02-07 11:16:59,,2021-02-07 09:16:00,2021-02-07 18:00:00,0,공사 ,별양로 우체국사거리 영광교회 1차로 주의운전 도로공사 -,126.9932338,37.423861
2021-02-07 11:21:30,,2021-02-07 11:21:00,2021-02-07 11:51:00,1,사고 ,올림픽대로 한강철교 한강대교 3차로 주의운전 교통사고 서울청,126.951174696204,37.51561672651
2021-02-07 11:24:13,,2021-02-07 11:24:00,2021-02-07 18:00:00,0,공사 ,지방도1013호선 죽산삼거리 장흥교 1차로 주의운전 도로공사 -,128.1241481,35.2164524
2021-02-07 11:25:09,,2021-02-07 11:24:00,2021-02-07 11:54:00,1,사고 ,우정국로 조계사앞 종로1가 3차로 주의운전 교통사고 서울청,126.98294695847,37.5706946772263
2021-02-07 11:25:30,692,2021-02-07 11:21:02,2021-02-07 11:51:00,1,사고 ,올림픽대로 한강철교 한강대교 3차로 주의운전 교통사고 서울청,126.951174696204,37.51561672651
2021-02-07 11:25:52,,2021-02-07 11:25:00,2021-02-07 18:00:00,0,공사 ,지방도1009호선 진주의료원 농업기술원삼거리 2차로 주의운전 도로공사 -,128.118240697458,35.2124906035467
2021-02-07 11:26:00,696,2021-02-07 09:16:02,2021-02-07 18:00:00,0,공사 ,별양로 우체국사거리 영광교회 1차로 주의운전 도로공사 -,126.9932338,37.423861
2021-02-07 11:28:28,,2021-02-07 11:28:00,2021-02-07 18:00:00,0,공사 ,국가지원지방도86호선 용신지하차도 지용교차로 2차로 주의운전 도로공사 -,127.1716742,37.663171
2021-02-07 11:28:56,,2021-02-07 11:28:00,2021-02-07 18:00:00,0,공사 ,지방도861호선 하천교 덕주마을 1차로 주의운전 도로공사 -,127.621735,35.1834941
2021-02-07 11:30:30,755,2021-02-07 11:24:02,2021-02-07 11:54:00,1,사고 ,우정국로 조계사앞 종로1가 3차로 주의운전 교통사고 서울청,126.98294695847,37.5706946772263
2021-02-07 11:31:00,760,2021-02-07 11:24:02,2021-02-07 18:00:00,0,공사 ,지방도1013호선 죽산삼거리 장흥교 1차로 주의운전 도로공사 -,128.1241481,35.2164524
2021-02-07 11:31:56,,2021-02-07 11:31:00,2021-02-07 18:00:00,0,공사 ,일반국도24호선 백산교차로 충신교차로 1차로 주의운전 도로공사 -,127.1359763,35.3764915
2021-02-07 11:38:52,,2021-02-07 11:38:00,2021-02-07 18:00:00,0,공사 ,수암로 파스쿠찌수암로점 공업탑로터리 1차로 주의운전 도로공사 -,129.3095661,35.5320383
2021-02-07 11:47:56,,2021-02-07 11:47:00,2021-02-07 18:00:00,0,공사 ,갈산교로 갈산교 선문대학교 진행방향 전체차로 주의운전 도로공사 반대 차선 확인 요망,127.0674417908,36.7900342040302
2021-02-07 11:58:26,,2021-02-07 11:58:00,2021-02-07 12:28:00,1,사고 ,범어천로 KT서울통신센터 목동동사무소 1차로 주의운전 교통사고 -,126.8710121,37.5301195
2021-02-07 12:00:30,1112,2021-02-07 11:58:02,2021-02-07 12:28:00,1,사고 ,범어천로 KT서울통신센터 목동동사무소 1차로 주의운전 교통사고 -,126.8710121,37.5301195
2021-02-07 12:02:23,,2021-02-07 12:02:00,2021-02-07 12:32:00,1,사고 ,범어천로 KT서울통신센터 목동동사무소 1차로 주의운전 교통사고 -,126.8709537,37.5302844
2021-02-07 12:03:45,,2021-02-07 12:03:00,2021-02-07 18:00:00,0,공사 ,금곡대로 스타벅스부산화명역점 와석교차로 1차로 주의운전 도로공사 -,129.013791293891,35.2341745835629
2021-02-07 12:05:30,1176,2021-02-07 12:02:02,2021-02-07 12:32:00,1,사고 ,범어천로 KT서울통신센터 목동동사무소 1차로 주의운전 교통사고 -,126.8709537,37.5302844
2021-02-07 12:10:30,,2021-02-07 12:10:00,2021-02-07 12:40:00,2,신호기 고장 ,고장> 일반국도24호선 남촌교차로 석당간교차로 1차로 주의운전 신호기 고장 -,126.9910932,35.3175972
2021-02-07 12:10:30,1236,2021-02-07 12:03:02,2021-02-07 18:00:00,0,공사 ,금곡대로 스타벅스부산화명역점 와석교차로 1차로 주의운전 도로공사 -,129.013791293891,35.2341745835629
2021-02-07 12:14:48,,2021-02-07 12:14:00,2021-02-07 12:44:00,1,사고 ,강남대로 논현역앞교차로 신논현역 1차로 주의운전 교통사고 서울청,127.022428263554,37.5086644307071
2021-02-07 12:16:41,,2021-02-07 12:16:00,2021-02-07 12:46:00,1,사고 ,범어천로 KT서울통신센터 목동동사무소 1차로 주의운전 교통사고 -,126.8709756,37.5303219
2021-02-07 12:20:31,1354,2021-02-07 12:16:02,2021-02-07 12:46:00,1,사고 ,범어천로 KT서울통신센터 목동동사무소 1차로 주의운전 교통사고 -,126.8709756,37.5303219
2021-02-07 12:21:01,1357,2021-02-07 12:14:02,2021-02-07 12:44:00,1,사고 ,강남대로 논현역앞교차로 신논현역 1차로 주의운전 교통사고 서울청,127.022428263554,37.5086644307071
2021-02-07 12:21:24,,2021-02-07 12:21:00,2021-02-07 12:51:00,2,통제 ,서초대로 법원검찰청앞 서초1교 1차로 주의운전 공사 -,127.014447354939,37.4939305013273
2021-02-07 12:21:44,,2021-02-07 12:21:00,2021-02-07 12:51:00,1,사고 ,진흥로 대조불광시장삼거리 역촌역앞교차로 3차로 주의운전 교통사고 -,126.925813,37.6099616
2021-02-07 12:24:00,,2021-02-07 12:24:00,2021-02-07 18:00:00,0,공사 ,매소홀로290번길 남부서사거리 참사랑제일교회 1차로 주의운전 도로공사 -,126.6539084,37.4430715
2021-02-07 12:25:31,1414,2021-02-07 12:21:02,2021-02-07 12:51:00,1,사고 ,진흥로 대조불광시장삼거리 역촌역앞교차로 3차로 주의운전 교통사고 -,126.925813,37.6099616
2021-02-07 12:25:50,,2021-02-07 12:25:00,2021-02-07 12:55:00,1,사고 ,내부순환로 홍지문터널남단 홍지문터널북단 2차로 주의운전 교통사고 서울청,126.960277608953,37.5953268899289
2021-02-07 12:26:00,1418,2021-02-07 12:21:02,2021-02-07 12:51:00,2,통제 ,서초대로 법원검찰청앞 서초1교 1차로 주의운전 공사 -,127.014447354939,37.4939305013273
2021-02-07 12:29:41,,2021-02-07 12:29:00,2021-02-07 12:59:00,1,사고 ,동대로 중앙시장네거리 성건주민센터네거리 1차로 주의운전 교통사고 -,129.2070248,35.8460659
2021-02-07 12:30:30,1474,2021-02-07 12:29:02,2021-02-07 12:59:00,1,사고 ,동대로 중앙시장네거리 성건주민센터네거리 1차로 주의운전 교통사고 -,129.2070248,35.8460659
2021-02-07 12:31:00,1477,2021-02-07 12:25:02,2021-02-07 12:55:00,1,사고 ,내부순환로 홍지문터널남단 홍지문터널북단 2차로 주의운전 교통사고 서울청,126.960277608953,37.5953268899289
2021-02-07 12:31:30,1505,2021-02-07 12:24:02,2021-02-07 18:00:00,0,공사 ,매소홀로290번길 남부서사거리 참사랑제일교회 1차로 주의운전 도로공사 -,126.6539084,37.4430715
2021-02-07 12:38:40,,2021-02-07 12:37:00,2021-02-07 13:07:00,1,사고 ,범안로 말미사거리 독산역 2차로 승용차 관련. 후미 지체 교통사고 서울청,126.895074117332,37.4666014679152
2021-02-07 12:39:20,,2021-02-07 12:39:00,2021-02-07 18:00:00,0,공사 ,범안로 말미사거리 아앤피미트 2차로 주의운전 도로공사 -,126.8961071,37.4665655
2021-02-07 12:40:30,1593,2021-02-07 12:37:02,2021-02-07 13:07:00,1,사고 ,범안로 말미사거리 독산역 2차로 승용차 관련. 후미 지체 교통사고 서울청,126.895074117332,37.4666014679152
2021-02-07 12:41:00,1597,2021-02-07 12:35:02,2021-02-07 13:05:00,1,사고 ,범안로 말미사거리 독산역 2차로 주의운전 교통사고,126.895777792015,37.466597585579
2021-02-07 12:43:40,,2021-02-07 12:43:00,2021-02-07 18:00:00,0,공사 ,경부고속도로 양산IC 양산JC 1차로 주의운전 도로공사 -,129.0424134,35.3641327
2021-02-07 12:46:13,,2021-02-07 12:46:00,2021-02-07 18:00:00,0,공사 ,냉천로 목양교회 수행도량마음으로 1차로 주의운전 도로공사 -,126.9255197,37.3898099
2021-02-07 12:55:30,1771,2021-02-07 12:46:02,2021-02-07 18:00:00,0,공사 ,냉천로 목양교회 수행도량마음으로 1차로 주의운전 도로공사 -,126.9255197,37.3898099
2021-02-07 12:58:30,,2021-02-07 12:58:00,2021-02-07 18:00:00,0,공사 ,일반국도7호선 내성교차로 내성지하차도 1차로 주의운전 도로공사 -,129.077847,35.2025116
2021-02-07 13:04:59,,2021-02-07 13:04:00,2021-02-07 13:34:00,2,행사 ,장내로 장내동성당삼거리 벽산사거리 1차로 주의운전 행사 -,126.9223912,37.3973634
2021-02-07 13:17:17,,2021-02-07 13:17:00,2021-02-07 18:00:00,0,공사 ,동서로 상곡교차로 월곶교차로 1차로 도로공사 교통통제 도로공사 -,126.753179711111,37.3896873083333
2021-02-07 13:21:57,,2021-02-07 13:21:00,2021-02-07 18:00:00,0,공사 ,상도로15길 장승배기 덕신빌딩 1차로 주의운전 도로공사 -,126.940099399722,37.5074455
2021-02-07 13:28:09,,2021-02-07 13:28:00,2021-02-07 18:00:00,0,공사 ,응암로 응암시장입구교차로 서부병원앞교차로 2차로 주의운전 도로공사 -,126.920833333333,37.5983333333333
2021-02-07 13:35:18,,2021-02-07 13:35:00,2021-02-07 14:05:00,1,사고 ,역삼로 역삼초교앞교차로 구역삼세무서앞교차로 1차로 주의운전 교통사고 -,127.0390057,37.4957782
2021-02-07 13:36:25,,2021-02-07 13:36:00,2021-02-07 14:06:00,2,통제 ,부흥로 시장역오거리 단비교회 1차로 차량통제 공사 -,126.7241414,37.4982649
2021-02-07 13:40:30,2288,2021-02-07 13:36:02,2021-02-07 14:06:00,2,통제 ,부흥로 시장역오거리 단비교회 1차로 차량통제 공사 -,126.7241414,37.4982649
2021-02-07 13:41:00,2292,2021-02-07 13:35:02,2021-02-07 14:05:00,1,사고 ,역삼로 역삼초교앞교차로 구역삼세무서앞교차로 1차로 주의운전 교통사고 -,127.0390057,37.4957782
2021-02-07 13:41:59,,2021-02-07 13:41:00,2021-02-07 18:00:00,0,공사 ,효성중앙길 효명초등학교앞교차로 효성타운2차아파트 1차로 주의운전 도로공사 -,128.6035138,35.8344902
2021-02-07 13:42:15,,2021-02-07 13:42:00,2021-02-07 14:12:00,1,사고 ,남해제2고속도로지선 교량 교량남측 4차로 주의운전 차량고장 -,128.8264919,35.1772562
2021-02-07 13:45:31,2352,2021-02-07 13:42:02,2021-02-07 14:12:00,1,사고 ,남해제2고속도로지선 교량 교량남측 4차로 주의운전 차량고장 -,128.8264919,35.1772562
2021-02-07 13:46:01,2355,2021-02-07 13:41:02,2021-02-07 18:00:00,0,공사 ,효성중앙길 효명초등학교앞교차로 효성타운2차아파트 1차로 주의운전 도로공사 -,128.6035138,35.8344902
2021-02-07 13:48:37,,2021-02-07 13:47:00,2021-02-07 14:17:00,1,사고 ,올림픽대로 암사IC 강일IC 4차로 주의운전 교통사고 서울청,127.156372150774,37.5692588748021
2021-02-07 13:48:54,,2021-02-07 13:48:00,2021-02-07 18:00:00,0,공사 ,증가로6길 명지대체육관 남경빌리지 1차로 주의운전 도로공사 -,126.9245066,37.5799257
2021-02-07 13:50:30,2410,2021-02-07 13:47:02,2021-02-07 14:17:00,1,사고 ,올림픽대로 암사IC 강일IC 4차로 주의운전 교통사고 서울청,127.156372150774,37.5692588748021
2021-02-07 13:51:17,,2021-02-07 13:51:00,2021-02-07 18:00:00,0,공사 ,마들로 도봉경찰서앞교차로 녹천교앞교차로 3차로 주의운전 도로공사,127.054720638903,37.6461568593049
2021-02-07 13:51:24,,2021-02-07 13:50:00,2021-02-07 18:30:00,2,행사 ,하남산단중앙로 산단4번로삼거리 하남동우체국 진행방향 전체차로 주의운전 집회 -,126.8066493,35.1908469
2021-02-07 13:52:17,,2021-02-07 13:52:00,2021-02-07 18:00:00,0,공사 ,중앙로 태화로터리 남부교회입구교차로 1차로 주의운전 도로공사 -,129.309519099722,35.5465552
2021-02-07 13:53:34,,2021-02-07 13:53:00,2021-02-07 18:00:00,0,공사 ,다대로 장림전화국앞교차로 사하경찰서사거리 1차로 주의운전 도로공사 -,128.9775781,35.0849378
2021-02-07 13:53:35,,2021-02-07 13:53:00,2021-02-07 18:00:00,0,공사 ,벚꽃로 독산교회 민성산업 1차로 주의운전 도로공사 -,126.8887813,37.4682283
2021-02-07 13:53:50,,2021-02-07 13:53:00,2021-02-07 18:00:00,0,공사 ,금화로 오덕후대명점 풍금사거리 1,3차로 주의운전 도로공사 -,126.8596654,35.1326779
2021-02-07 13:53:58,,2021-02-07 13:52:00,2021-02-07 14:22:00,1,사고 ,동부간선도로 도봉지하차도 월계1교 2차로 서행 교통사고 서울청,127.056222484927,37.643031991501
2021-02-07 13:55:30,2470,2021-02-07 13:52:02,2021-02-07 14:22:00,1,사고 ,동부간선도로 도봉지하차도 월계1교 2차로 서행 교통사고 서울청,127.056222484927,37.643031991501
2021-02-07 13:56:00,2474,2021-02-07 13:53:02,2021-02-07 18:00:00,0,공사 ,금화로 오덕후대명점 풍금사거리 1,3차로 주의운전 도로공사 -,126.8596654,35.1326779
2021-02-07 13:56:02,,2021-02-07 13:55:00,2021-02-07 18:00:00,0,공사 ,수색로 수색역교차로 수색교앞교차로 1차로 주의운전 도로공사 -,126.8904284,37.5848611
2021-02-07 13:56:30,2509,2021-02-07 13:53:02,2021-02-07 18:00:00,0,공사 ,벚꽃로 독산교회 민성산업 1차로 주의운전 도로공사 -,126.8887813,37.4682283
2021-02-07 13:57:00,2523,2021-02-07 13:53:02,2021-02-07 18:00:00,0,공사 ,다대로 장림전화국앞교차로 사하경찰서사거리 1차로 주의운전 도로공사 -,128.9775781,35.0849378
2021-02-07 13:57:30,2528,2021-02-07 13:52:02,2021-02-07 18:00:00,0,공사 ,중앙로 태화로터리 남부교회입구교차로 1차로 주의운전 도로공사 -,129.309519099722,35.5465552
2021-02-07 13:58:00,2531,2021-02-07 13:50:02,2021-02-07 18:30:00,2,행사 ,하남산단중앙로 산단4번로삼거리 하남동우체국 진행방향 전체차로 주의운전 집회 -,126.8066493,35.1908469
2021-02-07 13:58:28,,2021-02-07 13:58:00,2021-02-07 18:00:00,0,공사 ,하남로 신가지구입구교차로 드림가구백화점 1차로 주의운전 도로공사 -,126.829352,35.178828
2021-02-07 13:58:29,,2021-02-07 13:58:00,2021-02-07 18:00:00,0,공사 ,일반국도22호선 송정선민교회 선운지하차도 1차로 주의운전 도로공사 -,126.7834553,35.1525798
2021-02-07 13:58:30,2534,2021-02-07 13:51:02,2021-02-07 18:00:00,0,공사 ,마들로 도봉경찰서앞교차로 녹천교앞교차로 3차로 주의운전 도로공사,127.054720638903,37.6461568593049
2021-02-07 13:58:32,,2021-02-07 13:58:00,2021-02-07 18:00:00,0,공사 ,소사로 원종교사거리 원종동사거리 1차로 주의운전 도로공사 -,126.8049262,37.522535
2021-02-07 14:00:19,,2021-02-07 14:00:00,2021-02-07 14:30:00,2,기상 ,중앙고속도로 의성IC 의성TG 1차로 0km(방향) 주의운전 기상 -,128.5775299,36.2882532
2021-02-07 14:00:29,,2021-02-07 14:00:00,2021-02-07 18:00:00,0,공사 ,왕십리로 왕십리역앞 왕십리역앞 1차로 주의운전 시설물보수 -,127.0359455,37.5610112
2021-02-07 14:00:31,2543,2021-02-07 13:55:02,2021-02-07 18:00:00,0,공사 ,수색로 수색역교차로 수색교앞교차로 1차로 주의운전 도로공사 -,126.8904284,37.5848611
2021-02-07 14:01:57,,2021-02-07 14:01:00,2021-02-07 14:31:00,2,통제 ,동서고가로 문전교차로 황령터널입구 1차로 차량증가로 차선유도 라바콘설치 공사 -,129.0679439,35.1501596
2021-02-07 14:03:39,,2021-02-07 14:02:00,2021-02-07 14:32:00,1,사고 ,경부고속도로 서초IC 반포IC 2차로 승용차. 후미 지체 고장 차량 서울청,127.023158065535,37.4912928920859
2021-02-07 14:05:20,,2021-02-07 13:35:00,2021-02-07 14:04:00,1,사고 ,중부내륙고속도로 영산TG 창녕ic 2차로 0km(방향) 갓길 화물차 고장 차량고장 -,128.5231848,35.4511734
2021-02-07 14:05:30,,2021-02-07 14:05:00,2021-02-07 14:35:00,1,사고 ,서울외곽순환고속도로 시흥TG 시흥IC동측 4차로 0km(시흥IC방향) 주의운전 교통사고 -,126.804158,37.4520883
2021-02-07 14:05:30,2607,2021-02-07 14:02:02,2021-02-07 14:32:00,1,사고 ,경부고속도로 서초IC 반포IC 2차로 승용차. 후미 지체 고장 차량 서울청,127.023158065535,37.4912928920859
2021-02-07 14:06:00,2611,2021-02-07 14:01:02,2021-02-07 14:31:00,2,통제 ,동서고가로 문전교차로 황령터널입구 1차로 차량증가로 차선유도 라바콘설치 공사 -,129.0679439,35.1501596
2021-02-07 14:06:14,,2021-02-07 14:05:00,2021-02-07 14:35:00,1,사고 ,영동고속도로 영동고속도로 서창 서창JC서측 진행방향 전체차로 0km(방향) 주의운전 차량고장 -,126.7390169,37.4366769
2021-02-07 14:06:20,,2021-02-07 14:06:00,2021-02-07 18:00:00,0,공사 ,관동로 관동초등학교앞 파크프라자앞 1차로 주의운전 도로공사 -,128.8204642,35.177121
2021-02-07 14:06:30,2637,2021-02-07 14:00:02,2021-02-07 18:00:00,0,공사 ,왕십리로 왕십리역앞 왕십리역앞 1차로 주의운전 시설물보수 -,127.0359455,37.5610112
2021-02-07 14:07:00,2644,2021-02-07 14:00:02,2021-02-07 14:30:00,2,기상 ,중앙고속도로 의성IC 의성TG 1차로 0km(방향) 주의운전 기상 -,128.5775299,36.2882532
2021-02-07 14:07:14,,2021-02-07 14:07:00,2021-02-07 14:37:00,1,사고 ,영동고속도로 서창JC동측 서창JC남측 1차로 0km(방향) 주의운전 차량고장 -,126.7366591,37.4334731
2021-02-07 14:07:30,2657,2021-02-07 13:58:02,2021-02-07 18:00:00,0,공사 ,소사로 원종교사거리 원종동사거리 1차로 주의운전 도로공사 -,126.8049262,37.522535
2021-02-07 14:08:00,2658,2021-02-07 13:58:02,2021-02-07 18:00:00,0,공사 ,일반국도22호선 송정선민교회 선운지하차도 1차로 주의운전 도로공사 -,126.7834553,35.1525798
2021-02-07 14:08:56,,2021-02-07 14:08:00,2021-02-07 14:38:00,1,사고 ,강변북로 성산대교 양화대교 3차로 주의운전 교통사고 서울청,126.90043442808,37.5521880025001
2021-02-07 14:09:00,,2021-02-07 14:08:00,2021-02-07 18:00:00,0,공사 ,화왕산로 명덕초 오리정 1차로 주의운전 도로공사 -,128.5092648,35.4711436
2021-02-07 14:09:25,,2021-02-07 14:09:00,2021-02-07 14:39:00,1,사고 ,광주원주고속도로 경기광주휴게소 곤지암3터널동측 1차로 0km(방향) 주의운전 교통사고 -,127.4235529,37.3798749
2021-02-07 14:10:30,2674,2021-02-07 14:09:02,2021-02-07 14:39:00,1,사고 ,광주원주고속도로 경기광주휴게소 곤지암3터널동측 1차로 0km(방향) 주의운전 교통사고 -,127.4235529,37.3798749
2021-02-07 14:10:31,,2021-02-07 14:09:00,2021-02-07 18:00:00,0,공사 ,창녕읍 종로 창녕읍파출소 시장길 1차로 주의운전 도로공사 -,128.5092495,35.4711521
2021-02-07 14:11:00,2679,2021-02-07 14:08:02,2021-02-07 18:00:00,0,공사 ,화왕산로 명덕초 오리정 1차로 주의운전 도로공사 -,128.5092648,35.4711436
2021-02-07 14:11:21,,2021-02-07 14:11:00,2021-02-07 18:00:00,0,공사 ,책향기로 두일초중교앞 참다운푸드 1차로 주의운전 시설물보수 -,126.710828032941,37.720431106924
2021-02-07 14:11:30,2705,2021-02-07 14:08:02,2021-02-07 14:38:00,1,사고 ,강변북로 성산대교 양화대교 3차로 주의운전 교통사고 서울청,126.90043442808,37.5521880025001
2021-02-07 14:11:32,,2021-02-07 14:11:00,2021-02-07 18:00:00,0,공사 ,일반국도47호선 안양컨트리클럽삼거리 삼성지하차도 3차로 주의운전 시설물보수 -,126.937328465228,37.3393125271858
2021-02-07 14:12:00,2717,2021-02-07 14:07:02,2021-02-07 14:37:00,1,사고 ,영동고속도로 서창JC동측 서창JC남측 1차로 0km(방향) 주의운전 차량고장 -,126.7366591,37.4334731
2021-02-07 14:12:31,2730,2021-02-07 14:06:02,2021-02-07 18:00:00,0,공사 ,관동로 관동초등학교앞 파크프라자앞 1차로 주의운전 도로공사 -,128.8204642,35.177121
2021-02-07 14:12:55,,2021-02-07 14:12:00,2021-02-07 14:42:00,1,사고 ,경부고속도로 서초IC 반포IC 4차로 승용차-승용차. 후미 지체 교통사고 서울청,127.023384033118,37.4906981826372
2021-02-07 14:13:01,2731,2021-02-07 14:05:02,2021-02-07 14:35:00,1,사고 ,영동고속도로 영동고속도로 서창 서창JC서측 진행방향 전체차로 0km(방향) 주의운전 차량고장 -,126.7390169,37.4366769
2021-02-07 14:13:12,,2021-02-07 14:00:00,2021-02-07 14:30:00,1,사고 ,망우로 신내지하차도 망우사거리 3차로 주의운전 교통사고,127.098224228808,37.5993629293594
2021-02-07 14:13:30,2734,2021-02-07 14:05:02,2021-02-07 14:35:00,1,사고 ,서울외곽순환고속도로 시흥TG 시흥IC동측 4차로 0km(시흥IC방향) 주의운전 교통사고 -,126.804158,37.4520883
2021-02-07 14:14:00,2737,2021-02-07 13:35:02,2021-02-07 14:04:00,1,사고 ,중부내륙고속도로 영산TG 창녕ic 2차로 0km(방향) 갓길 화물차 고장 차량고장 -,128.5231848,35.4511734
2021-02-07 14:15:30,2745,2021-02-07 14:00:02,2021-02-07 14:30:00,1,사고 ,망우로 신내지하차도 망우사거리 3차로 주의운전 교통사고,127.098224228808,37.5993629293594
2021-02-07 14:16:00,2749,2021-02-07 14:12:02,2021-02-07 14:42:00,1,사고 ,경부고속도로 서초IC 반포IC 4차로 승용차-승용차. 후미 지체 교통사고 서울청,127.023384033118,37.4906981826372
2021-02-07 14:16:30,2779,2021-02-07 14:11:02,2021-02-07 18:00:00,0,공사 ,일반국도47호선 안양컨트리클럽삼거리 삼성지하차도 3차로 주의운전 시설물보수 -,126.937328465228,37.3393125271858
2021-02-07 14:17:00,2789,2021-02-07 14:11:02,2021-02-07 18:00:00,0,공사 ,책향기로 두일초중교앞 참다운푸드 1차로 주의운전 시설물보수 -,126.710828032941,37.720431106924
2021-02-07 14:17:15,,2021-02-07 14:16:00,2021-02-07 14:46:00,2,행사 ,중앙로 우리은행통영지점 충무데파트 1차로 중앙시장 방문관광객 증가로 교통정체 행사 -,128.4233209,34.8446807
2021-02-07 14:17:30,2801,2021-02-07 14:09:02,2021-02-07 18:00:00,0,공사 ,창녕읍 종로 창녕읍파출소 시장길 1차로 주의운전 도로공사 -,128.5092495,35.4711521
2021-02-07 14:18:45,,2021-02-07 14:17:00,2021-02-07 14:47:00,1,사고 ,북부간선도로 하월곡램프 월릉분기점 1차로 승용차-승용차. 후미 지체 교통사고 서울청,127.050646287212,37.6073734563655
2021-02-07 14:19:07,,2021-02-07 14:18:00,2021-02-07 18:00:00,0,공사 ,양재대로12길 청계산지하차도동측 청계산지하차도서측 2차로 주의운전 시설물보수 -,127.03855413024,37.4590247590444
2021-02-07 14:19:37,,2021-02-07 14:19:00,2021-02-07 18:00:00,0,공사 ,정자로 노루마당사거리 효자문사거리 2차로 주의운전 도로공사 -,126.989707516667,37.3074944527778
2021-02-07 14:20:09,,2021-02-07 14:19:00,2021-02-07 18:00:00,0,공사 ,지방도1009호선 금산교 금산교사거리 2차로 주의운전 도로공사 -,128.126513028429,35.2126192957537
2021-02-07 14:20:31,2812,2021-02-07 14:17:02,2021-02-07 14:47:00,1,사고 ,북부간선도로 하월곡램프 월릉분기점 1차로 승용차-승용차. 후미 지체 교통사고 서울청,127.050646287212,37.6073734563655
2021-02-07 14:21:01,2816,2021-02-07 14:16:02,2021-02-07 14:46:00,2,행사 ,중앙로 우리은행통영지점 충무데파트 1차로 중앙시장 방문관광객 증가로 교통정체 행사 -,128.4233209,34.8446807
2021-02-07 14:25:11,,2021-02-07 14:24:00,2021-02-07 17:00:00,0,공사 ,애향길 해운대구청어귀삼거리 할배치즈케이크해운대점 1차로 주의운전 도로공사 -,129.1606917,35.1639458
2021-02-07 14:27:43,,2021-02-07 14:27:00,2021-02-07 18:00:00,0,공사 ,일반국도35호선 양주지하차도 12번교차로 1차로 주의운전 도로공사 -,129.03546781656,35.346496794041
2021-02-07 14:28:27,,2021-02-07 14:28:00,2021-02-07 18:00:00,0,공사 ,소곡2로 목양교회 안양씨엘포레자이아파트 1차로 주의운전 도로공사 -,126.9239423,37.3888074
2021-02-07 14:28:35,,2021-02-07 14:28:00,2021-02-07 18:00:00,0,공사 ,지방도1009호선 금산면용아리57810 용아천교량 진행방향 전체차로 주의운전 도로공사 반대 차선 확인 요망,128.1628326,35.1993847
2021-02-07 14:31:33,,2021-02-07 14:31:00,2021-02-07 15:01:00,1,사고 ,덕영대로535번길 롯데마트천천점 서울경기양돈농협천천동지점 1차로 주의운전 차량고장 -,126.981662536096,37.296850292117
2021-02-07 14:31:44,,2021-02-07 14:31:00,2021-02-07 18:00:00,0,공사 ,순환로 황송터널 은행동제5공영주차장 1차로 주의운전 도로공사 -,127.1737512,37.4522805
2021-02-07 14:31:47,,2021-02-07 14:31:00,2021-02-07 18:00:00,0,공사 ,원당대로 원당사거리 완정사거리 1차로 작업중으로 서행요구됨 도로공사 -,126.6355998,37.514319
2021-02-07 14:34:37,,2021-02-07 14:34:00,2021-02-07 18:00:00,0,공사 ,주부토로 신트리공원사거리 갈산밀알도서관 1차로 주의운전 도로공사 -,126.725969,37.5076975
2021-02-07 14:35:30,2998,2021-02-07 14:31:02,2021-02-07 15:01:00,1,사고 ,덕영대로535번길 롯데마트천천점 서울경기양돈농협천천동지점 1차로 주의운전 차량고장 -,126.981662536096,37.296850292117
2021-02-07 14:36:00,3002,2021-02-07 14:28:02,2021-02-07 18:00:00,0,공사 ,지방도1009호선 금산면용아리57810 용아천교량 진행방향 전체차로 주의운전 도로공사 반대 차선 확인 요망,128.1628326,35.1993847
2021-02-07 14:36:07,,2021-02-07 14:36:00,2021-02-07 18:00:00,0,공사 ,화전로 남해군산림조합 남해선관위 1차로 주의운전 도로공사 -,127.895182,34.8349669722222
2021-02-07 14:36:18,,2021-02-07 14:35:00,2021-02-07 15:05:00,1,사고 ,올림픽대로 구리암사대교 강동대교 4차로 서행 교통사고 서울청,127.12431276107,37.553948516467
2021-02-07 14:36:20,,2021-02-07 14:35:00,2021-02-07 15:05:00,1,사고 ,경부고속도로 서초IC 반포IC 1차로 주의운전 교통사고 -,127.020761133404,37.4976501397099
2021-02-07 14:36:30,3029,2021-02-07 14:28:02,2021-02-07 18:00:00,0,공사 ,소곡2로 목양교회 안양씨엘포레자이아파트 1차로 주의운전 도로공사 -,126.9239423,37.3888074
2021-02-07 14:37:00,3039,2021-02-07 14:27:02,2021-02-07 18:00:00,0,공사 ,일반국도35호선 양주지하차도 12번교차로 1차로 주의운전 도로공사 -,129.03546781656,35.346496794041
2021-02-07 14:39:03,,2021-02-07 14:38:00,2021-02-07 15:08:00,1,사고 ,한천로 번동사거리 예일산부인과의원 2차로 주의운전 차량고장 -,127.032607181324,37.6363680854442
2021-02-07 14:40:30,3065,2021-02-07 14:38:02,2021-02-07 15:08:00,1,사고 ,한천로 번동사거리 예일산부인과의원 2차로 주의운전 차량고장 -,127.032607181324,37.6363680854442
2021-02-07 14:41:00,3068,2021-02-07 14:35:02,2021-02-07 15:05:00,1,사고 ,경부고속도로 서초IC 반포IC 1차로 주의운전 교통사고 -,127.020761133404,37.4976501397099
2021-02-07 14:41:30,3094,2021-02-07 14:35:02,2021-02-07 15:05:00,1,사고 ,올림픽대로 구리암사대교 강동대교 4차로 서행 교통사고 서울청,127.12431276107,37.553948516467
2021-02-07 14:41:40,,2021-02-07 14:00:00,2021-02-07 15:00:00,0,공사 ,일반국도6호선 원동빌딩 망우사거리 3차로 주의운전 시설물보수 -,127.100058,37.5997805
2021-02-07 14:42:00,3105,2021-02-07 14:36:02,2021-02-07 18:00:00,0,공사 ,화전로 남해군산림조합 남해선관위 1차로 주의운전 도로공사 -,127.895182,34.8349669722222
2021-02-07 14:42:05,,2021-02-07 14:41:00,2021-02-07 15:11:00,1,사고 ,광주원주고속도로 곤지암3터널동측 경기광주휴게소 1차로 0km(방향) 주의운전 교통사고 -,127.4293516,37.3791788
2021-02-07 14:42:30,3117,2021-02-07 14:34:02,2021-02-07 18:00:00,0,공사 ,주부토로 신트리공원사거리 갈산밀알도서관 1차로 주의운전 도로공사 -,126.725969,37.5076975
2021-02-07 14:44:48,,2021-02-07 14:44:00,2021-02-07 18:00:00,0,공사 ,동촌로 신촌동버스정류장 성광통신부설연구소입구 1차로 주의운전 도로공사 -,127.3949082,36.6496739
2021-02-07 14:44:49,,2021-02-07 14:44:00,2021-02-07 18:00:00,0,공사 ,한천로 성일빌딩 우이시장 1차로 주의운전 도로공사 -,127.020411475459,37.6446098933013
2021-02-07 14:44:50,,2021-02-07 14:40:10,2021-02-07 17:45:51,0,공사 ,경부선(0010) (3차로)노면보수작업중 [고속도로]경부선(0010) (3차로)노면보수작업중,129.1086,35.831
2021-02-07 14:45:30,3129,2021-02-07 14:41:02,2021-02-07 15:11:00,1,사고 ,광주원주고속도로 곤지암3터널동측 경기광주휴게소 1차로 0km(방향) 주의운전 교통사고 -,127.4293516,37.3791788
2021-02-07 14:46:01,3133,2021-02-07 14:00:02,2021-02-07 15:00:00,0,공사 ,일반국도6호선 원동빌딩 망우사거리 3차로 주의운전 시설물보수 -,127.100058,37.5997805
2021-02-07 14:47:57,,2021-02-07 14:47:00,2021-02-07 18:00:00,0,공사 ,동탄광역환승로 동탄역유보라아이비파크6차 오산동967765 2차로 주의운전 도로공사 -,127.090271,37.2014239
2021-02-07 14:52:06,,2021-02-07 14:52:00,2021-02-07 15:22:00,1,사고 ,구로중앙로18길 기업은행구로북지점 구로중학교 1차로 주의운전 교통사고 -,126.8893891,37.4946743
2021-02-07 14:53:27,,2021-02-07 14:53:00,2021-02-07 15:23:00,1,사고 ,공항동로 자유무역지역사거리 운서동286117 1차로 주의운전 차량고장 -,126.4695165,37.4774868
2021-02-07 14:53:51,,2021-02-07 14:53:00,2021-02-07 18:00:00,0,공사 ,계산새로 계양구청 계양경찰서 2차로 주의운전 시설물보수 -,126.7550471,37.5256181
2021-02-07 14:54:28,,2021-02-07 14:54:00,2021-02-07 15:24:00,1,사고 ,광주원주고속도로 대신IC 대신터널서측 1차로 0km(방향) 주의운전 교통사고 -,127.6388284,37.3954086
2021-02-07 14:55:30,3261,2021-02-07 14:54:02,2021-02-07 15:24:00,1,사고 ,광주원주고속도로 대신IC 대신터널서측 1차로 0km(방향) 주의운전 교통사고 -,127.6388284,37.3954086
2021-02-07 14:55:57,,2021-02-07 14:55:00,2021-02-07 18:00:00,0,공사 ,미금로 양정초교입구교차로 양정초교입구 1차로 후미서행 시설물보수 -,127.1662223,37.6107892
2021-02-07 14:56:00,3264,2021-02-07 14:53:02,2021-02-07 18:00:00,0,공사 ,계산새로 계양구청 계양경찰서 2차로 주의운전 시설물보수 -,126.7550471,37.5256181
2021-02-07 14:56:32,3299,2021-02-07 14:53:02,2021-02-07 15:23:00,1,사고 ,공항동로 자유무역지역사거리 운서동286117 1차로 주의운전 차량고장 -,126.4695165,37.4774868
2021-02-07 14:57:00,3307,2021-02-07 14:52:02,2021-02-07 15:22:00,1,사고 ,구로중앙로18길 기업은행구로북지점 구로중학교 1차로 주의운전 교통사고 -,126.8893891,37.4946743
2021-02-07 14:57:08,,2021-02-07 14:57:00,2021-02-07 15:27:00,1,사고 ,세검정로 홍은성결교회 충만한교회 3차로 주의운전 교통사고 -,126.9476484,37.5931965
2021-02-07 14:57:17,,2021-02-07 14:57:00,2021-02-07 15:27:00,1,사고 ,공항동로465번길 운서동284012 GS주유소국제공항터미널 1차로 주의운전 차량고장 -,126.4588948,37.4864489
2021-02-07 14:57:30,3310,2021-02-07 14:47:02,2021-02-07 18:00:00,0,공사 ,동탄광역환승로 동탄역유보라아이비파크6차 오산동967765 2차로 주의운전 도로공사 -,127.090271,37.2014239
2021-02-07 14:59:26,,2021-02-07 14:58:00,2021-02-07 15:28:00,1,사고 ,서부간선도로 양평교 성산대교 남단 1차로 주의운전 교통사고 -,126.8879569,37.5430429
2021-02-07 14:59:38,,2021-02-07 14:59:00,2021-02-07 15:29:00,1,사고 ,올림픽대로 방화대교 가양대교 4차로 서행 교통사고 서울청,126.851476921982,37.5697330225997
2021-02-07 15:00:30,3326,2021-02-07 14:59:02,2021-02-07 15:29:00,1,사고 ,올림픽대로 방화대교 가양대교 4차로 서행 교통사고 서울청,126.851476921982,37.5697330225997
2021-02-07 15:00:37,,2021-02-07 15:00:00,2021-02-07 15:30:00,1,사고 ,광주원주고속도로 동양평IC 동양평IC 1차로 0km(방향) 주의운전 차량고장 -,127.7506917,37.3991368
2021-02-07 15:01:00,3329,2021-02-07 14:58:02,2021-02-07 15:28:00,1,사고 ,서부간선도로 양평교 성산대교 남단 1차로 주의운전 교통사고 -,126.8879569,37.5430429
2021-02-07 15:01:30,3351,2021-02-07 14:57:02,2021-02-07 15:27:00,1,사고 ,공항동로465번길 운서동284012 GS주유소국제공항터미널 1차로 주의운전 차량고장 -,126.4588948,37.4864489
2021-02-07 15:02:00,3363,2021-02-07 14:57:02,2021-02-07 15:27:00,1,사고 ,세검정로 홍은성결교회 충만한교회 3차로 주의운전 교통사고 -,126.9476484,37.5931965
2021-02-07 15:02:13,,2021-02-07 15:01:00,2021-02-07 18:00:00,0,공사 ,남부순환도로 까치고개정상 사당역 2차로 소통원활 도로공사 -,126.9574547,37.4620699
2021-02-07 15:02:30,3375,2021-02-07 14:55:02,2021-02-07 18:00:00,0,공사 ,미금로 양정초교입구교차로 양정초교입구 1차로 후미서행 시설물보수 -,127.1662223,37.6107892
2021-02-07 15:03:27,,2021-02-07 15:03:00,2021-02-07 18:00:00,0,공사 ,새터마을길 제1치수교앞네거리 신흥삼거리 2차로 주의운전 도로공사 -,127.445363,36.3238497
2021-02-07 15:04:50,,2021-02-07 15:04:00,2021-02-07 15:34:00,1,사고 ,통일로 홍제삼거리 서부빌딩 3차로 주의운전 교통사고 -,126.9458117,37.5873914
2021-02-07 15:05:31,3388,2021-02-07 15:04:02,2021-02-07 15:34:00,1,사고 ,통일로 홍제삼거리 서부빌딩 3차로 주의운전 교통사고 -,126.9458117,37.5873914
2021-02-07 15:06:01,3393,2021-02-07 15:03:02,2021-02-07 18:00:00,0,공사 ,새터마을길 제1치수교앞네거리 신흥삼거리 2차로 주의운전 도로공사 -,127.445363,36.3238497
2021-02-07 15:06:31,3419,2021-02-07 15:01:02,2021-02-07 18:00:00,0,공사 ,남부순환도로 까치고개정상 사당역 2차로 소통원활 도로공사 -,126.9574547,37.4620699
2021-02-07 15:07:01,3429,2021-02-07 15:00:02,2021-02-07 15:30:00,1,사고 ,광주원주고속도로 동양평IC 동양평IC 1차로 0km(방향) 주의운전 차량고장 -,127.7506917,37.3991368
2021-02-07 15:08:14,,2021-02-07 15:08:00,2021-02-07 15:38:00,1,사고 ,화곡로 신월5동사무소 화곡로입구교차로 3차로 주의운전 교통사고 -,126.826524289982,37.5394307110772
2021-02-07 15:10:30,,2021-02-07 15:10:00,2021-02-07 18:00:00,0,공사 ,염포로 염포로375 현대자동차출고앞교차로 1차로 주의운전 도로공사 -,129.3790403,35.5571971
2021-02-07 15:10:30,3453,2021-02-07 15:08:02,2021-02-07 15:38:00,1,사고 ,화곡로 신월5동사무소 화곡로입구교차로 3차로 주의운전 교통사고 -,126.826524289982,37.5394307110772
2021-02-07 15:11:10,,2021-02-07 15:11:00,2021-02-07 15:41:00,1,사고 ,광주원주고속도로 대신터널서측 대신IC 1차로 0km(방향) 주의운전 차량고장 -,127.6014252,37.3847549
2021-02-07 15:12:26,,2021-02-07 15:12:00,2021-02-07 18:00:00,0,공사 ,북문길 북문길30 북문길49번길2 1차로 주의운전 시설물보수 -,126.4859715,37.7494298
2021-02-07 15:12:57,,2021-02-07 15:12:00,2021-02-07 18:00:00,0,공사 ,남부순환로 래미안아트힐앞교차로 예술의전당앞교차로 4차로 주의운전 도로공사 -,127.008438473093,37.4782739014867
2021-02-07 15:13:01,,2021-02-07 15:12:00,2021-02-07 18:00:00,0,공사 ,진흥로 수풀길주택 구기터널 3차로 주의운전 도로공사 -,126.944000133352,37.6101023619304
2021-02-07 15:13:22,,2021-02-07 15:12:00,2021-02-07 18:00:00,0,공사 ,일반국도7호선 염포119 앞 효문방향 1차로 주의운전 도로공사 -,129.3450441,35.6332973
2021-02-07 15:13:33,,2021-02-07 15:13:00,2021-02-07 18:00:00,0,공사 ,종암로 KB국민은행종암동지점 종암주민센터 1차로 주의운전 도로공사 -,127.0360425,37.5951357
2021-02-07 15:13:51,,2021-02-07 15:13:00,2021-02-07 18:00:00,0,공사 ,일반국도25호선 마암사거리 예림사거리 1차로 주의운전 시설물보수 -,128.759418,35.4711147
2021-02-07 15:14:24,,2021-02-07 15:14:00,2021-02-07 15:44:00,1,사고 ,경인로 영등포한전 영등포역앞교차로 1차로 주의운전 차량고장 -,126.9071161,37.5167026
2021-02-07 15:14:54,,2021-02-07 15:14:00,2021-02-07 15:44:00,1,사고 ,올림픽대로 88JC 가양IC 1차로 주의운전 교통사고 -,126.8364265,37.5777235
2021-02-07 15:15:31,3520,2021-02-07 15:14:02,2021-02-07 15:44:00,1,사고 ,경인로 영등포한전 영등포역앞교차로 1차로 주의운전 차량고장 -,126.9071161,37.5167026
2021-02-07 15:15:43,,2021-02-07 15:15:00,2021-02-07 15:45:00,1,사고 ,영등포로 영등포로터리 영등포로터리 1차로 주의운전 교통사고 -,126.9136443,37.5185104
2021-02-07 15:16:00,,2021-02-07 15:15:00,2021-02-07 18:00:00,0,공사 ,와룡로136번길 송강수학원 와룡로136번길15 2차로 주의운전 도로공사 -,127.3814751,36.4382777
2021-02-07 15:16:01,3525,2021-02-07 15:13:02,2021-02-07 18:00:00,0,공사 ,일반국도25호선 마암사거리 예림사거리 1차로 주의운전 시설물보수 -,128.759418,35.4711147
2021-02-07 15:16:27,,2021-02-07 15:15:00,2021-02-07 15:45:00,1,사고 ,경인로 영등포로터리 영등포역 1차로 서행 고장 차량 서울청,126.906827539038,37.5165361231406
2021-02-07 15:16:31,3551,2021-02-07 15:13:02,2021-02-07 18:00:00,0,공사 ,종암로 KB국민은행종암동지점 종암주민센터 1차로 주의운전 도로공사 -,127.0360425,37.5951357
2021-02-07 15:17:01,3559,2021-02-07 15:12:02,2021-02-07 18:00:00,0,공사 ,일반국도7호선 염포119 앞 효문방향 1차로 주의운전 도로공사 -,129.3450441,35.6332973
2021-02-07 15:17:31,3573,2021-02-07 15:12:02,2021-02-07 18:00:00,0,공사 ,진흥로 수풀길주택 구기터널 3차로 주의운전 도로공사 -,126.944000133352,37.6101023619304
2021-02-07 15:18:01,3576,2021-02-07 15:12:02,2021-02-07 18:00:00,0,공사 ,남부순환로 래미안아트힐앞교차로 예술의전당앞교차로 4차로 주의운전 도로공사 -,127.008438473093,37.4782739014867
2021-02-07 15:18:31,3580,2021-02-07 15:12:02,2021-02-07 18:00:00,0,공사 ,북문길 북문길30 북문길49번길2 1차로 주의운전 시설물보수 -,126.4859715,37.7494298
2021-02-07 15:19:01,3581,2021-02-07 15:11:02,2021-02-07 15:41:00,1,사고 ,광주원주고속도로 대신터널서측 대신IC 1차로 0km(방향) 주의운전 차량고장 -,127.6014252,37.3847549
2021-02-07 15:19:30,3588,2021-02-07 15:10:02,2021-02-07 18:00:00,0,공사 ,염포로 염포로375 현대자동차출고앞교차로 1차로 주의운전 도로공사 -,129.3790403,35.5571971
2021-02-07 15:20:30,3594,2021-02-07 15:15:02,2021-02-07 15:45:00,1,사고 ,경인로 영등포로터리 영등포역 1차로 서행 고장 차량 서울청,126.906827539038,37.5165361231406
2021-02-07 15:21:00,3597,2021-02-07 15:15:02,2021-02-07 18:00:00,0,공사 ,와룡로136번길 송강수학원 와룡로136번길15 2차로 주의운전 도로공사 -,127.3814751,36.4382777
2021-02-07 15:21:30,3622,2021-02-07 15:15:02,2021-02-07 15:45:00,1,사고 ,영등포로 영등포로터리 영등포로터리 1차로 주의운전 교통사고 -,126.9136443,37.5185104
2021-02-07 15:22:00,3634,2021-02-07 15:14:02,2021-02-07 15:44:00,1,사고 ,올림픽대로 88JC 가양IC 1차로 주의운전 교통사고 -,126.8364265,37.5777235
2021-02-07 15:22:30,,2021-02-07 15:22:00,2021-02-07 18:00:00,0,공사 ,유통단지로8길 동부제철대구지사 우일축산약품 1차로 주의운전  도로공사 -,128.615730066039,35.9101297571686
2021-02-07 15:27:45,,2021-02-07 15:27:00,2021-02-07 15:57:00,1,사고 ,포일로 포일국민은행사거리 안양시동안구의왕시 1차로 주의운전 교통사고 -,126.9772958,37.389957
2021-02-07 15:28:30,,2021-02-07 15:28:00,2021-02-07 15:58:00,1,사고 ,서울외곽순환고속도로 계양IC북측 노오지JC 1차로 0km(노오지JC방향) 주의운전 차량고장 -,126.750175757452,37.5549923116691
2021-02-07 15:29:32,,2021-02-07 15:29:00,2021-02-07 15:59:00,1,사고 ,중부내륙고속도로 북여주IC 북여주TG 1차로 0km(방향) 주의운전 차량고장 -,127.5222188,37.3737425
2021-02-07 15:29:33,,2021-02-07 15:29:00,2021-02-07 18:00:00,0,공사 ,일반국도31호선 대화교남측 대화삼거리 1차로 주의운전 도로공사 -,128.4552844,37.4898097
2021-02-07 15:29:35,,2021-02-07 15:29:00,2021-02-07 18:00:00,0,공사 ,문지로 대덕터널 문지삼거리 1차로 주의운전 시설물보수 -,127.3915701,36.3904296
2021-02-07 15:30:30,3717,2021-02-07 15:29:02,2021-02-07 15:59:00,1,사고 ,중부내륙고속도로 북여주IC 북여주TG 1차로 0km(방향) 주의운전 차량고장 -,127.5222188,37.3737425
2021-02-07 15:31:00,3721,2021-02-07 15:28:02,2021-02-07 15:58:00,1,사고 ,서울외곽순환고속도로 계양IC북측 노오지JC 1차로 0km(노오지JC방향) 주의운전 차량고장 -,126.750175757452,37.5549923116691
2021-02-07 15:31:30,3747,2021-02-07 15:27:02,2021-02-07 15:57:00,1,사고 ,포일로 포일국민은행사거리 안양시동안구의왕시 1차로 주의운전 교통사고 -,126.9772958,37.389957
2021-02-07 15:31:49,,2021-02-07 15:31:00,2021-02-07 18:00:00,0,공사 ,위시티4로 견달산로161번길3 식사동12594 1차로 맨홀공사로 서행주의 시설물보수 -,126.8171968,37.6786255
2021-02-07 15:32:00,3759,2021-02-07 15:22:02,2021-02-07 18:00:00,0,공사 ,유통단지로8길 동부제철대구지사 우일축산약품 1차로 주의운전  도로공사 -,128.615730066039,35.9101297571686
2021-02-07 15:40:41,,2021-02-07 15:40:00,2021-02-07 18:00:00,0,공사 ,일반국도36호선 주덕오거리 창전리입구 1차로 주의운전 시설물보수 -,127.790003458135,36.9731244147592
2021-02-07 15:42:52,,2021-02-07 15:41:00,2021-02-07 16:00:00,1,사고 ,제2경인고속도로 남동IC 서창JC 2차로 0km(방향) 주의운전요망 차량고장 -,126.716615944444,37.4337616111111
2021-02-07 15:42:54,,2021-02-07 15:42:00,2021-02-07 18:00:00,0,공사 ,킨텍스로 원형육교사거리 대화동26003 1차로 주의운전 도로공사 -,126.74519,37.6658183
2021-02-07 15:44:02,,2021-02-07 15:43:00,2021-02-07 16:13:00,2,행사 ,상북로 제2남천교앞교차로 수정식품 1차로 주의운전 행사 -,129.1265801,35.5625544
2021-02-07 15:44:03,,2021-02-07 15:43:00,2021-02-07 16:13:00,1,사고 ,다대로 사하경찰서사거리 성일여고앞삼거리 1차로 주의운전 교통사고 -,128.9774785,35.085226
2021-02-07 15:45:31,3900,2021-02-07 15:43:02,2021-02-07 16:13:00,1,사고 ,다대로 사하경찰서사거리 성일여고앞삼거리 1차로 주의운전 교통사고 -,128.9774785,35.085226
2021-02-07 15:45:37,,2021-02-07 15:45:00,2021-02-07 16:15:00,1,사고 ,양천로 한길자동차종합타운 양천향교역사거리 1차로 주의운전 교통사고 -,126.8420133,37.5681332
2021-02-07 15:46:01,3904,2021-02-07 15:43:02,2021-02-07 16:13:00,2,행사 ,상북로 제2남천교앞교차로 수정식품 1차로 주의운전 행사 -,129.1265801,35.5625544
2021-02-07 15:46:17,,2021-02-07 15:46:00,2021-02-07 16:16:00,1,사고 ,중앙고속도로 남제천IC동측 남제천IC앞교차로 1차로 0km(방향) 주의운전 교통사고 -,128.1850579,37.0746784
2021-02-07 15:46:31,3931,2021-02-07 15:42:02,2021-02-07 18:00:00,0,공사 ,킨텍스로 원형육교사거리 대화동26003 1차로 주의운전 도로공사 -,126.74519,37.6658183
2021-02-07 15:47:01,3940,2021-02-07 15:41:02,2021-02-07 16:00:00,1,사고 ,제2경인고속도로 남동IC 서창JC 2차로 0km(방향) 주의운전요망 차량고장 -,126.716615944444,37.4337616111111
2021-02-07 15:47:30,,2021-02-07 15:47:00,2021-02-07 18:00:00,0,공사 ,킨텍스2로 킨텍스골드공인중개사사무소 그르노블 1차로 주의운전 하수관거 작업 -,126.7566187,37.669098
2021-02-07 15:47:31,3952,2021-02-07 15:40:02,2021-02-07 18:00:00,0,공사 ,일반국도36호선 주덕오거리 창전리입구 1차로 주의운전 시설물보수 -,127.790003458135,36.9731244147592
2021-02-07 15:49:50,,2021-02-07 15:49:00,2021-02-07 16:19:00,1,사고 ,일반국도43호선 선단교차로 의정부 1차로 후미 170m 지체 교통사고 -,127.1705449,37.8600364
2021-02-07 15:50:24,,2021-02-07 15:50:00,2021-02-07 18:00:00,0,공사 ,한강대로29길 용산역광장앞삼거리 용산역 1차로 주의운전 도로공사 -,126.9648465,37.5281238
2021-02-07 15:50:31,3970,2021-02-07 15:49:02,2021-02-07 16:19:00,1,사고 ,일반국도43호선 선단교차로 의정부 1차로 후미 170m 지체 교통사고 -,127.1705449,37.8600364
2021-02-07 15:51:01,3973,2021-02-07 15:47:02,2021-02-07 18:00:00,0,공사 ,킨텍스2로 킨텍스골드공인중개사사무소 그르노블 1차로 주의운전 하수관거 작업 -,126.7566187,37.669098
2021-02-07 15:51:30,3999,2021-02-07 15:46:02,2021-02-07 16:16:00,1,사고 ,중앙고속도로 남제천IC동측 남제천IC앞교차로 1차로 0km(방향) 주의운전 교통사고 -,128.1850579,37.0746784
2021-02-07 15:52:00,4012,2021-02-07 15:45:02,2021-02-07 16:15:00,1,사고 ,양천로 한길자동차종합타운 양천향교역사거리 1차로 주의운전 교통사고 -,126.8420133,37.5681332
2021-02-07 15:54:32,,2021-02-07 15:54:00,2021-02-07 16:24:00,1,사고 ,내부순환도로 연희램프 성산램프 2차로 서행 교통사고 서울청,126.912963073042,37.5660056785969
2021-02-07 15:55:31,4033,2021-02-07 15:54:02,2021-02-07 16:24:00,1,사고 ,내부순환도로 연희램프 성산램프 2차로 서행 교통사고 서울청,126.912963073042,37.5660056785969
2021-02-07 15:56:00,4037,2021-02-07 15:50:02,2021-02-07 18:00:00,0,공사 ,한강대로29길 용산역광장앞삼거리 용산역 1차로 주의운전 도로공사 -,126.9648465,37.5281238
2021-02-07 15:56:15,,2021-02-07 15:56:00,2021-02-07 18:00:00,0,공사 ,충의로 탑석사거리 충의로49 1차로 주의운전 도로공사 -,127.088559357639,37.734513438322
2021-02-07 15:56:54,,2021-02-07 15:56:00,2021-02-07 18:00:00,0,공사 ,김해대로 전하교차로 가야의 길 진행방향 전체차로 주의운전 도로공사 반대 차선 확인 요망,128.8751285,35.2263151
2021-02-07 15:57:11,,2021-02-07 15:57:00,2021-02-07 16:27:00,1,사고 ,능동로 어린이대공원역교차로 건대입구역앞교차로 1차로 주의운전 차량고장 -,127.0729858,37.5451012
2021-02-07 16:00:31,4098,2021-02-07 15:57:02,2021-02-07 16:27:00,1,사고 ,능동로 어린이대공원역교차로 건대입구역앞교차로 1차로 주의운전 차량고장 -,127.0729858,37.5451012
2021-02-07 16:00:56,,2021-02-07 16:00:00,2021-02-07 16:30:00,1,사고 ,남부순환로 원당초교입구교차로 서울대입구역앞교차로 3차로 주의운전 교통사고 -,126.9556844,37.4801641
2021-02-07 16:01:01,4103,2021-02-07 15:56:02,2021-02-07 18:00:00,0,공사 ,김해대로 전하교차로 가야의 길 진행방향 전체차로 주의운전 도로공사 반대 차선 확인 요망,128.8751285,35.2263151
2021-02-07 16:01:30,4125,2021-02-07 15:56:02,2021-02-07 18:00:00,0,공사 ,충의로 탑석사거리 충의로49 1차로 주의운전 도로공사 -,127.088559357639,37.734513438322
2021-02-07 16:01:56,,2021-02-07 16:01:00,2021-02-07 16:31:00,1,사고 ,양재대로 양재IC 코스트코앞 4차로 주의운전 교통사고 서울청,127.036938711601,37.4614614613645
2021-02-07 16:02:23,,2021-02-07 16:02:00,2021-02-07 16:32:00,1,사고 ,백범로 국민서관앞삼거리 공덕오거리 1차로 주의운전 교통사고 -,126.95047,37.5441263
2021-02-07 16:03:30,,2021-02-07 16:03:00,2021-02-07 18:00:00,0,공사 ,황새울1길 한국토지주택공사 NH농협은행분당PB센터 1차로 주의운전 도로공사 -,127.12434,37.387517
2021-02-07 16:05:31,4162,2021-02-07 16:02:02,2021-02-07 16:32:00,1,사고 ,백범로 국민서관앞삼거리 공덕오거리 1차로 주의운전 교통사고 -,126.95047,37.5441263
2021-02-07 16:06:00,4165,2021-02-07 16:01:02,2021-02-07 16:31:00,1,사고 ,양재대로 양재IC 코스트코앞 4차로 주의운전 교통사고 서울청,127.036938711601,37.4614614613645
2021-02-07 16:06:15,,2021-02-07 16:05:00,2021-02-07 16:35:00,1,사고 ,헌릉로 세곡동사거리 세곡동121 5차로 주의운전 교통사고 서울청,127.108232549854,37.464827999057
2021-02-07 16:06:30,4191,2021-02-07 16:00:02,2021-02-07 16:30:00,1,사고 ,남부순환로 원당초교입구교차로 서울대입구역앞교차로 3차로 주의운전 교통사고 -,126.9556844,37.4801641
2021-02-07 16:09:52,,2021-02-07 16:09:00,2021-02-07 18:00:00,0,공사 ,일반국도6호선 강서구청입구 KBS88체육관 1차로 주의운전 시설물보수 -,126.8510596,37.5564176
2021-02-07 16:10:31,4224,2021-02-07 16:05:02,2021-02-07 16:35:00,1,사고 ,헌릉로 세곡동사거리 세곡동121 5차로 주의운전 교통사고 서울청,127.108232549854,37.464827999057
2021-02-07 16:11:01,4227,2021-02-07 16:03:02,2021-02-07 18:00:00,0,공사 ,황새울1길 한국토지주택공사 NH농협은행분당PB센터 1차로 주의운전 도로공사 -,127.12434,37.387517
2021-02-07 16:13:40,,2021-02-07 16:13:00,2021-02-07 16:43:00,1,사고 ,한천로 강북구민운동장앞교차로 강북구보건소앞교차로 1차로 주의운전 차량고장 -,127.0409036,37.6310483
2021-02-07 16:14:54,,2021-02-07 16:14:00,2021-02-07 18:00:00,0,공사 ,서빙고로 용산동6가6828 서빙고역앞교차로 3차로 주의운전 도로공사 -,126.9888711,37.5195808
2021-02-07 16:15:30,,2021-02-07 16:15:00,2021-02-07 23:59:00,0,공사 ,문수로217번길 옥동5532 공원묘지앞 1차로 주의운전 도로공사 -,129.2803445,35.5369863
2021-02-07 16:15:30,4285,2021-02-07 16:13:02,2021-02-07 16:43:00,1,사고 ,한천로 강북구민운동장앞교차로 강북구보건소앞교차로 1차로 주의운전 차량고장 -,127.0409036,37.6310483
2021-02-07 16:16:00,4288,2021-02-07 16:09:02,2021-02-07 18:00:00,0,공사 ,일반국도6호선 강서구청입구 KBS88체육관 1차로 주의운전 시설물보수 -,126.8510596,37.5564176
2021-02-07 16:16:12,,2021-02-07 16:16:00,2021-02-07 18:00:00,0,공사 ,위양로 화정리8022 화정리산1521 1차로 주의운전 하수관거 작업 -,129.3120341,35.401675
2021-02-07 16:19:20,,2021-02-07 16:19:00,2021-02-07 16:49:00,1,사고 ,일반국도4호선 복현네거리 복현119안전센터 1차로 주의운전 교통사고 -,128.622179700366,35.8924543905713
2021-02-07 16:20:30,4348,2021-02-07 16:19:02,2021-02-07 16:49:00,1,사고 ,일반국도4호선 복현네거리 복현119안전센터 1차로 주의운전 교통사고 -,128.622179700366,35.8924543905713
2021-02-07 16:21:00,4352,2021-02-07 16:16:02,2021-02-07 18:00:00,0,공사 ,위양로 화정리8022 화정리산1521 1차로 주의운전 하수관거 작업 -,129.3120341,35.401675
2021-02-07 16:21:30,4378,2021-02-07 16:15:02,2021-02-07 23:59:00,0,공사 ,문수로217번길 옥동5532 공원묘지앞 1차로 주의운전 도로공사 -,129.2803445,35.5369863
2021-02-07 16:22:00,4390,2021-02-07 16:14:02,2021-02-07 18:00:00,0,공사 ,서빙고로 용산동6가6828 서빙고역앞교차로 3차로 주의운전 도로공사 -,126.9888711,37.5195808
2021-02-07 16:24:21,,2021-02-07 16:24:00,2021-02-07 16:54:00,1,사고 ,일반국도43호선 광장사거리 LK빌딩 1차로 주의운전 차량고장 -,127.1049152,37.5442311
2021-02-07 16:25:30,4412,2021-02-07 16:24:02,2021-02-07 16:54:00,1,사고 ,일반국도43호선 광장사거리 LK빌딩 1차로 주의운전 차량고장 -,127.1049152,37.5442311
2021-02-07 16:28:27,,2021-02-07 16:28:00,2021-02-07 18:00:00,0,공사 ,서초대로 구산타워 방배초교입구교차로 1차로 주의운전 도로공사 -,126.9854745,37.4857647
2021-02-07 16:35:28,,2021-02-07 16:35:00,2021-02-07 17:05:00,1,사고 ,논고개로 청능로사거리 논고개로1 1차로 주의운전 교통사고 -,126.7245415,37.4002932
2021-02-07 16:37:32,,2021-02-07 16:37:00,2021-02-07 17:07:00,1,사고 ,경부고속도로 서초IC 양재IC 4차로 서행 교통사고 서울청,127.02839932295,37.4767855109916
2021-02-07 16:37:42,,2021-02-07 16:37:00,2021-02-07 17:07:00,1,사고 ,내부순환로 홍지문터널안 성산방향 1차로 서행 고장 차량 서울청,126.96519590757,37.5989909719999
2021-02-07 16:40:30,4586,2021-02-07 16:37:02,2021-02-07 17:07:00,1,사고 ,내부순환로 홍지문터널안 성산방향 1차로 서행 고장 차량 서울청,126.96519590757,37.5989909719999
2021-02-07 16:41:00,4589,2021-02-07 16:37:02,2021-02-07 17:07:00,1,사고 ,경부고속도로 서초IC 양재IC 4차로 서행 교통사고 서울청,127.02839932295,37.4767855109916
2021-02-07 16:41:31,4615,2021-02-07 16:35:02,2021-02-07 17:05:00,1,사고 ,논고개로 청능로사거리 논고개로1 1차로 주의운전 교통사고 -,126.7245415,37.4002932
2021-02-07 16:45:07,,2021-02-07 16:44:00,2021-02-07 17:14:00,1,사고 ,폭포로 서울양양간 고속도로 미사강변도시 초입 1차로 주의운전 교통사고 -,127.338085,37.6347599
2021-02-07 16:46:46,,2021-02-07 16:46:00,2021-02-07 17:16:00,1,사고 ,내부순환로 홍지문터널북측 종로구서대문구 1차로 주의운전 교통사고 -,126.9640139,37.6007984
2021-02-07 16:50:22,,2021-02-07 16:50:00,2021-02-07 17:20:00,1,사고 ,소래로 담방마을사거리 남동경기장 1차로 주의운전 차량고장 -,126.7318499,37.4387054
2021-02-07 16:50:30,4705,2021-02-07 16:46:02,2021-02-07 17:16:00,1,사고 ,내부순환로 홍지문터널북측 종로구서대문구 1차로 주의운전 교통사고 -,126.9640139,37.6007984
2021-02-07 16:51:00,4708,2021-02-07 16:44:02,2021-02-07 17:14:00,1,사고 ,폭포로 서울양양간 고속도로 미사강변도시 초입 1차로 주의운전 교통사고 -,127.338085,37.6347599
2021-02-07 16:51:45,,2021-02-07 16:51:00,2021-02-07 18:00:00,0,공사 ,경인로3길 온수역입구교차로 동진빌라 1차로 주의운전 도로공사 -,126.8292014,37.4909842
2021-02-07 16:54:45,,2021-02-07 16:54:00,2021-02-07 17:24:00,1,사고 ,만수하촌길 구룡사거리 포도나무어린이집 1차로 주의운전 차량고장 -,126.7302359,37.4492035
2021-02-07 16:55:30,4766,2021-02-07 16:54:02,2021-02-07 17:24:00,1,사고 ,만수하촌길 구룡사거리 포도나무어린이집 1차로 주의운전 차량고장 -,126.7302359,37.4492035
2021-02-07 16:55:41,,2021-02-07 16:55:00,2021-02-07 17:25:00,2,통제 ,거안로 거창오리영농회 마리삼거리 1차로 장백마을 앞 교량공사로 1차로 부분차단  주의운전 및 감속운행 당부  공사 -,127.8695043,35.6891546
2021-02-07 16:56:00,4769,2021-02-07 16:51:02,2021-02-07 18:00:00,0,공사 ,경인로3길 온수역입구교차로 동진빌라 1차로 주의운전 도로공사 -,126.8292014,37.4909842
2021-02-07 16:56:33,4806,2021-02-07 16:50:02,2021-02-07 17:20:00,1,사고 ,소래로 담방마을사거리 남동경기장 1차로 주의운전 차량고장 -,126.7318499,37.4387054
2021-02-07 17:00:16,,2021-02-07 16:59:00,2021-02-07 18:00:00,0,공사 ,일반국도3호선 묵동삼거리 묵동우체국 3차로 주의운전 시설물보수 -,127.0777903,37.6101341
2021-02-07 17:03:44,,2021-02-07 17:03:00,2021-02-07 18:00:00,0,공사 ,일반국도58호선 봉림교차로 사촌삼거리 1차로 주의운전 시설물보수 -,128.8582218,35.3220165
2021-02-07 17:04:51,,2021-02-07 17:04:00,2021-02-07 18:00:00,0,공사 ,중랑역로 극동늘푸른아파트 고봉카센타 2차로 주의운전 하수관거 작업 -,127.0753846,37.6138832
2021-02-07 17:04:53,,2021-02-07 16:54:53,2021-02-07 20:05:57,0,공사 ,호남지선(2510) (2차로)노면긴급팻칭작업중 [고속도로]호남지선(2510) (2차로)노면긴급팻칭작업중,127.2904,36.2647
2021-02-07 17:08:06,,2021-02-07 17:07:00,2021-02-07 17:37:00,1,사고 ,경부고속도로 판교ic 판교ic 진입로 우측차로 1차로 주의운전 차량고장 -,127.105923351179,37.3957367756504
2021-02-07 17:09:26,,2021-02-07 17:09:00,2021-02-07 17:39:00,1,사고 ,경부고속도로 기흥동탄IC 기흥동탄TG 1차로 0km(방향) 주의운전 차량고장 -,127.092265449583,37.2174565075313
2021-02-07 17:10:31,4954,2021-02-07 17:09:02,2021-02-07 17:39:00,1,사고 ,경부고속도로 기흥동탄IC 기흥동탄TG 1차로 0km(방향) 주의운전 차량고장 -,127.092265449583,37.2174565075313
2021-02-07 17:11:01,4957,2021-02-07 17:07:02,2021-02-07 17:37:00,1,사고 ,경부고속도로 판교ic 판교ic 진입로 우측차로 1차로 주의운전 차량고장 -,127.105923351179,37.3957367756504
2021-02-07 17:12:01,4995,2021-02-07 17:04:02,2021-02-07 18:00:00,0,공사 ,중랑역로 극동늘푸른아파트 고봉카센타 2차로 주의운전 하수관거 작업 -,127.0753846,37.6138832
2021-02-07 17:12:17,,2021-02-07 17:12:00,2021-02-07 17:42:00,1,사고 ,도림로 영서중 이화우성아파트앞교차로 1차로 주의운전 교통사고 -,126.8919424,37.4895616
2021-02-07 17:12:31,5007,2021-02-07 17:03:02,2021-02-07 18:00:00,0,공사 ,일반국도58호선 봉림교차로 사촌삼거리 1차로 주의운전 시설물보수 -,128.8582218,35.3220165
2021-02-07 17:14:20,,2021-02-07 17:14:00,2021-02-07 18:00:00,0,공사 ,일반국도14호선 미늘삼거리 대성암 1차로 대성암 앞 도로복구공사로 인한 일부차로 통행제한 도로공사 -,128.4405094,34.8574116
2021-02-07 17:15:31,5020,2021-02-07 17:12:02,2021-02-07 17:42:00,1,사고 ,도림로 영서중 이화우성아파트앞교차로 1차로 주의운전 교통사고 -,126.8919424,37.4895616
2021-02-07 17:16:47,,2021-02-07 17:16:00,2021-02-07 17:46:00,1,사고 ,영동고속도로 여주TG 여주IC 1차로 0km(방향) 주의운전 교통사고 -,127.6503261,37.2533911
2021-02-07 17:19:54,,2021-02-07 17:16:33,2021-02-07 20:20:58,0,공사 ,호남지선(2510) (2차로)긴급노면보수작업중 [고속도로]호남지선(2510) (2차로)긴급노면보수작업중,127.2973,36.2747
2021-02-07 17:20:31,5075,2021-02-07 17:16:02,2021-02-07 17:46:00,1,사고 ,영동고속도로 여주TG 여주IC 1차로 0km(방향) 주의운전 교통사고 -,127.6503261,37.2533911
2021-02-07 17:21:00,5078,2021-02-07 17:14:02,2021-02-07 18:00:00,0,공사 ,일반국도14호선 미늘삼거리 대성암 1차로 대성암 앞 도로복구공사로 인한 일부차로 통행제한 도로공사 -,128.4405094,34.8574116
2021-02-07 17:26:35,,2021-02-07 17:26:00,2021-02-07 18:00:00,0,공사 ,분성로627번길 안동사거리 안동재래시장앞교차로 진행방향 전체차로 주의운전 도로공사 반대 차선 확인 요망,128.9147002,35.2374632
2021-02-07 17:29:15,,2021-02-07 17:29:00,2021-02-07 18:00:00,0,공사 ,활천로 신어초등사거리 삼방대동A사거리 진행방향 전체차로 주의운전 도로공사 반대 차선 확인 요망,128.911001,35.243649
2021-02-07 17:32:08,,2021-02-07 17:31:00,2021-02-07 18:01:00,1,사고 ,발곡로 신곡1동사무소앞 연세소아과앞 1차로 주의운전 차량고장 -,127.0567799,37.7311451
2021-02-07 17:35:31,5256,2021-02-07 17:31:02,2021-02-07 18:01:00,1,사고 ,발곡로 신곡1동사무소앞 연세소아과앞 1차로 주의운전 차량고장 -,127.0567799,37.7311451
2021-02-07 17:36:00,5259,2021-02-07 17:29:02,2021-02-07 18:00:00,0,공사 ,활천로 신어초등사거리 삼방대동A사거리 진행방향 전체차로 주의운전 도로공사 반대 차선 확인 요망,128.911001,35.243649
2021-02-07 17:36:30,5285,2021-02-07 17:26:02,2021-02-07 18:00:00,0,공사 ,분성로627번길 안동사거리 안동재래시장앞교차로 진행방향 전체차로 주의운전 도로공사 반대 차선 확인 요망,128.9147002,35.2374632
2021-02-07 17:37:25,,2021-02-07 17:34:00,2021-02-07 18:04:00,1,사고 ,동대구로 세무사권일환세무법인텍스월드 MBC네거리 3,4차로 교차로 내 승용차 추돌사고 교통사고 -,128.626744616395,35.8670922177168
2021-02-07 17:39:53,,2021-02-07 17:39:00,2021-02-07 18:00:00,0,공사 ,살곶이길 성동교북측 사근삼거리 1차로 주의운전 도로공사 -,127.0506024,37.5560488
2021-02-07 17:40:31,5320,2021-02-07 17:34:02,2021-02-07 18:04:00,1,사고 ,동대구로 세무사권일환세무법인텍스월드 MBC네거리 3,4차로 교차로 내 승용차 추돌사고 교통사고 -,128.626744616395,35.8670922177168
2021-02-07 17:42:10,,2021-02-07 17:42:00,2021-02-07 18:12:00,1,사고 ,광주원주고속도로 경기광주JC 경기광주JC 1차로 0km(방향) 주의운전 차량고장 -,127.32429,37.3732929722222
2021-02-07 17:45:30,5379,2021-02-07 17:42:02,2021-02-07 18:12:00,1,사고 ,광주원주고속도로 경기광주JC 경기광주JC 1차로 0km(방향) 주의운전 차량고장 -,127.32429,37.3732929722222
2021-02-07 17:46:00,5382,2021-02-07 17:39:02,2021-02-07 18:00:00,0,공사 ,살곶이길 성동교북측 사근삼거리 1차로 주의운전 도로공사 -,127.0506024,37.5560488
2021-02-07 17:46:29,,2021-02-07 17:46:00,2021-02-07 18:16:00,1,사고 ,서울양양고속도로 월문천로28063 와부IC동측 1차로 0km(와부IC방향) 주의운전 차량고장 -,127.239420141667,37.5975312861111
2021-02-07 17:50:31,5443,2021-02-07 17:46:02,2021-02-07 18:16:00,1,사고 ,서울양양고속도로 월문천로28063 와부IC동측 1차로 0km(와부IC방향) 주의운전 차량고장 -,127.239420141667,37.5975312861111
2021-02-07 18:14:59,,2021-02-07 09:14:00,2021-02-08 20:00:00,0,공사 ,노량진로 대방역교차로 대방빌딩 1차로 주의운전 도로공사 -,126.9261589,37.5125185
2021-02-07 18:16:43,,2021-02-07 18:15:00,2021-02-07 18:45:00,1,사고 ,중부고속도로 태허정로14440 번천1교 1,2차로 차량통행량 증가로 정체 교통사고 -,127.2594581,37.4513718
2021-02-07 18:17:29,,2021-02-07 09:17:00,2021-02-08 18:00:00,0,공사 ,여의대방로 성남고교입구교차로 대림아파트앞교차로 1차로 주의운전 도로공사 -,126.9239221,37.5089534
2021-02-07 18:18:25,,2021-02-07 18:18:00,2021-02-08 18:00:00,0,공사 ,여의대방로 성남고교입구 성남고교입구교차로 1차로 주의운전 도로공사 -,126.9228544,37.5063234
2021-02-07 18:20:30,5779,2021-02-07 18:15:02,2021-02-07 18:45:00,1,사고 ,중부고속도로 태허정로14440 번천1교 1,2차로 차량통행량 증가로 정체 교통사고 -,127.2594581,37.4513718
2021-02-07 18:21:00,5783,2021-02-07 09:14:02,2021-02-08 20:00:00,0,공사 ,노량진로 대방역교차로 대방빌딩 1차로 주의운전 도로공사 -,126.9261589,37.5125185
2021-02-07 18:28:28,,2021-02-07 18:28:00,2021-02-07 18:58:00,1,사고 ,화곡로69길 강서요양병원 유석초등교앞 1차로 주의운전 차량고장 -,126.8536881,37.5610877
2021-02-07 18:30:30,5897,2021-02-07 18:28:02,2021-02-07 18:58:00,1,사고 ,화곡로69길 강서요양병원 유석초등교앞 1차로 주의운전 차량고장 -,126.8536881,37.5610877
2021-02-07 18:57:45,,2021-02-07 18:57:00,2021-02-07 19:27:00,1,사고 ,마포대로 독막길입구 마포역 4차로 주의운전 고장 차량,126.949017708934,37.5419196054392
2021-02-07 19:00:30,6243,2021-02-07 18:57:02,2021-02-07 19:27:00,1,사고 ,마포대로 독막길입구 마포역 4차로 주의운전 고장 차량,126.949017708934,37.5419196054392
2021-02-07 19:19:10,,2021-02-07 19:18:00,2021-02-07 19:48:00,1,사고 ,한강대로 서울역 서울역앞교차로 2차로 주의운전 교통사고 서울청,126.972645780208,37.5560470432216
2021-02-07 19:20:30,6474,2021-02-07 19:18:02,2021-02-07 19:48:00,1,사고 ,한강대로 서울역 서울역앞교차로 2차로 주의운전 교통사고 서울청,126.972645780208,37.5560470432216
2021-02-07 20:54:09,,2021-02-07 20:19:00,2021-02-07 21:10:00,1,사고 ,제2경인고속도로 일직jc 광명IC 1차로 20.5km(광명IC방향) 광명터널내에서 자차사고후 갓길로 이동하여 정차중으로 주의요망  교통사고 -,126.853451,37.4390551
2021-02-07 20:55:30,7561,2021-02-07 20:19:02,2021-02-07 21:10:00,1,사고 ,제2경인고속도로 일직jc 광명IC 1차로 20.5km(광명IC방향) 광명터널내에서 자차사고후 갓길로 이동하여 정차중으로 주의요망  교통사고 -,126.853451,37.4390551
2021-02-07 21:37:45,,2021-02-07 21:37:00,2021-02-07 22:07:00,1,사고 ,서부간선도로 성산대교 양평교 1차로 서행 교통사고 서울청,126.888970724222,37.5405729175466
2021-02-07 21:40:30,8089,2021-02-07 21:37:02,2021-02-07 22:07:00,1,사고 ,서부간선도로 성산대교 양평교 1차로 서행 교통사고 서울청,126.888970724222,37.5405729175466
2021-02-07 21:40:44,20210207214044,2021-02-07 21:40:44,,1,사고,[당진대전선]유성터널부근(88K) (1차로)장애물처리중 1차로 차단  장애물,127.3019,36.4037
2021-02-07 22:07:45,20210207220745,2021-02-07 22:07:45,,1,사고,[서해안선]고창분기점부근(69.2K) (갓길)고장차처리중  고장,126.6139,35.385
2021-02-07 22:31:04,20210207223104,2021-02-07 22:31:04,,1,사고,[당진대전선]유성터널부근(88K) (1,2차로)화물차사고처리중->남세종TG로우회바람 1,2차로 차단  사고,127.3019,36.4037
2021-02-07 23:11:55,,2021-02-07 23:11:00,2021-02-07 23:41:00,1,사고 ,일반국도43호선 GS칼텍스동서울주유소 강동구하남시 1차로 주의운전 차량고장 -,127.1689024,37.5453494
2021-02-07 23:15:30,9208,2021-02-07 23:11:02,2021-02-07 23:41:00,1,사고 ,일반국도43호선 GS칼텍스동서울주유소 강동구하남시 1차로 주의운전 차량고장 -,127.1689024,37.5453494
2021-02-07 23:29:28,,2021-02-07 23:17:00,2021-02-07 23:28:00,1,사고 ,강동대로 서울체고앞 올림픽공원북2문 5차로 정차중 차량고장 -,127.1298885,37.523442
2021-02-07 23:30:31,9389,2021-02-07 23:17:02,2021-02-07 23:28:00,1,사고 ,강동대로 서울체고앞 올림픽공원북2문 5차로 정차중 차량고장 -,127.1298885,37.523442
