2021-01-03 00:10:23,,2021-01-03 00:10:00,2021-01-03 18:00:00,0,공사 ,삼일대로 남산한옥마을 필동2가삼익주택 1차로 주의운전 도로공사 -,126.9929122,37.5563553
2021-01-03 00:10:32,,2021-01-03 00:10:00,2021-01-03 00:40:00,1,사고 ,마른내로 명보사거리 호텔피제이앞 진행방향 전체차로 주의운전 교통사고 -,126.9955937,37.5641339
2021-01-03 00:15:22,,2021-01-03 00:15:00,2021-01-03 18:00:00,0,공사 ,수표로 을지로3가역앞교차로 북해빙수수표점 1차로 주의운전 도로공사 -,126.9895827,37.5679122
2021-01-03 00:15:30,6725,2021-01-03 00:10:02,2021-01-03 00:40:00,1,사고 ,마른내로 명보사거리 호텔피제이앞 진행방향 전체차로 주의운전 교통사고 -,126.9955937,37.5641339
2021-01-03 00:16:00,6727,2021-01-03 00:10:02,2021-01-03 18:00:00,0,공사 ,삼일대로 남산한옥마을 필동2가삼익주택 1차로 주의운전 도로공사 -,126.9929122,37.5563553
2021-01-03 02:18:52,,2021-01-03 02:18:00,2021-01-03 02:48:00,2,통제 ,서울외곽순환고속도로 토평IC북측 구리TG 4차로 주의운전 공사 -,127.156685911587,37.5882823621538
2021-01-03 03:01:12,,2021-01-03 03:00:00,2021-01-03 03:30:00,2,통제 ,김상옥로 기독교회관 조향빌딩 1차로 쓰레기수거작업 주의운전 공사 -,127.0025,37.5733333333333
2021-01-03 03:48:55,,2021-01-03 03:48:00,2021-01-03 07:00:00,0,공사 ,율곡로 연동교회사거리 효제초등학교앞 1차로 쓰레기 더미에 길이막힌상황 도로공사 -,127.005105151536,37.5755126332819
2021-01-03 07:09:59,,2021-01-03 07:09:00,2021-01-03 07:39:00,1,사고 ,중부내륙고속도로 괴산IC 괴산휴게소 2차로 0km(괴산IC방향) 중부내륙고속도로창원방 207k 갓길고장차 차량고장 -,127.9382888,36.8610233
2021-01-03 07:15:30,1887,2021-01-03 07:09:02,2021-01-03 07:39:00,1,사고 ,중부내륙고속도로 괴산IC 괴산휴게소 2차로 0km(괴산IC방향) 중부내륙고속도로창원방 207k 갓길고장차 차량고장 -,127.9382888,36.8610233
2021-01-03 07:30:23,,2021-01-03 07:30:00,2021-01-03 08:00:00,2,통제 ,경복대로 금곡리3781 GS주유소광릉내 1차로 주의운전 공사 -,127.2145991,37.7363895
2021-01-03 07:42:05,,2021-01-03 07:41:00,2021-01-03 08:11:00,1,사고 ,창경궁로 혜화사거리 종로4가 방면 과학관 앞 1차로 도로가 미끄러워 사고위험 교통사고 -,126.997908277564,37.5759138275515
2021-01-03 07:45:24,,2021-01-03 07:45:00,2021-01-03 18:00:00,0,공사 ,일반국도1호선 온천리3852 박정자삼거리 1차로 주의운전 도로공사 -,127.2621161,36.3699999
2021-01-03 07:45:30,2252,2021-01-03 07:41:02,2021-01-03 08:11:00,1,사고 ,창경궁로 혜화사거리 종로4가 방면 과학관 앞 1차로 도로가 미끄러워 사고위험 교통사고 -,126.997908277564,37.5759138275515
2021-01-03 07:48:25,,2021-01-03 07:48:00,2021-01-03 18:00:00,0,공사 ,화랑로 가치있는누림 시청삼거리 1차로 주의운전 도로공사 -,126.8291907,37.3210697
2021-01-03 07:48:51,,2021-01-03 07:48:00,2021-01-03 18:00:00,0,공사 ,삼일로 승리교사거리 승리교사거리 1차로 주의운전 도로공사 -,126.9877905,37.8213348
2021-01-03 07:49:31,,2021-01-03 07:48:00,2021-01-03 08:18:00,1,사고 ,북부간선도로 신내IC 묵동IC 3차로 전도사고 주의운행 전복 서울청,127.095461136958,37.6170538679819
2021-01-03 07:50:52,,2021-01-03 07:50:00,2021-01-03 18:00:00,0,공사 ,일반국도3호선 무명교 덕계고등학교앞 1차로 주의운전 시설물보수 -,127.0503696,37.8241514
2021-01-03 07:55:30,2379,2021-01-03 07:48:02,2021-01-03 08:18:00,1,사고 ,북부간선도로 신내IC 묵동IC 3차로 전도사고 주의운행 전복 서울청,127.095461136958,37.6170538679819
2021-01-03 07:56:00,2380,2021-01-03 07:48:02,2021-01-03 18:00:00,0,공사 ,삼일로 승리교사거리 승리교사거리 1차로 주의운전 도로공사 -,126.9877905,37.8213348
2021-01-03 07:56:30,2414,2021-01-03 07:48:02,2021-01-03 18:00:00,0,공사 ,화랑로 가치있는누림 시청삼거리 1차로 주의운전 도로공사 -,126.8291907,37.3210697
2021-01-03 08:00:30,2444,2021-01-03 07:50:02,2021-01-03 18:00:00,0,공사 ,일반국도3호선 무명교 덕계고등학교앞 1차로 주의운전 시설물보수 -,127.0503696,37.8241514
2021-01-03 08:01:57,,2021-01-03 08:01:00,2021-01-03 18:00:00,0,공사 ,내부순환로 신영삼거리 진안빌라삼거리 1차로 주의운전 도로공사 -,126.96359470386,37.5973768522192
2021-01-03 08:02:11,,2021-01-03 08:01:00,2021-01-03 08:31:00,1,사고 ,새만금포항고속도로 진안IC 마이산휴게소  2차로 41km(계남면호덕리870방향) 주의운전 차량고장 -,127.426388888889,35.7716666666667
2021-01-03 08:05:31,2502,2021-01-03 08:01:02,2021-01-03 08:31:00,1,사고 ,새만금포항고속도로 진안IC 마이산휴게소  2차로 41km(계남면호덕리870방향) 주의운전 차량고장 -,127.426388888889,35.7716666666667
2021-01-03 08:06:01,2504,2021-01-03 08:01:02,2021-01-03 18:00:00,0,공사 ,내부순환로 신영삼거리 진안빌라삼거리 1차로 주의운전 도로공사 -,126.96359470386,37.5973768522192
2021-01-03 08:06:03,,2021-01-03 08:05:00,2021-01-03 18:00:00,0,공사 ,경부고속도로 매원교북측 칠곡휴게소 4차로 178km(남구미IC방향) 공사구간 운전주의요망 도로공사 -,128.4272227,35.9953062
2021-01-03 08:12:42,,2021-01-03 08:12:00,2021-01-03 18:00:00,0,공사 ,일반국도3호선 은대삼거리 은대리18222 1차로 주의운전 시설물보수 -,127.064361,38.0346755
2021-01-03 08:14:15,,2021-01-03 08:14:00,2021-01-03 18:00:00,0,공사 ,동서로 월곶교차로 상곡교차로 1차로 주의운전 도로공사 -,126.753824316083,37.3891110951429
2021-01-03 08:18:42,,2021-01-03 08:17:00,2021-01-03 18:00:00,0,공사 ,중앙로28번길 수암주민자치센터앞 수암로116번길 1차로 도로개선공사로 안전운전 요망 도로공사 -,129.3175432,35.5260672
2021-01-03 08:19:28,,2021-01-03 08:16:07,2021-01-03 11:21:12,0,공사 ,수도권제1순환선(1000) (갓길)이동청소작업중 [고속도로]수도권제1순환선(1000) (갓길)이동청소작업중,126.7487,37.5442
2021-01-03 08:21:48,,2021-01-03 08:21:00,2021-01-03 18:00:00,0,공사 ,여의대방로 대림아파트앞교차로 공군회관 1차로 주의운전 도로공사 -,126.9243409,37.5095046
2021-01-03 08:21:55,,2021-01-03 08:21:00,2021-01-03 18:00:00,0,공사 ,청파로 원효대교 원효대교북측 1차로 주의운전 도로공사 -,126.956208899722,37.5329375
2021-01-03 08:24:25,,2021-01-03 08:23:00,2021-01-03 18:00:00,0,공사 ,경부고속도로 179k상 봉곡동1151 김천시구미시 1차로 주의운전 시설물보수 -,128.3073854,36.1428309
2021-01-03 08:24:37,,2021-01-03 08:24:00,2021-01-03 18:00:00,0,공사 ,여의대방로 성남고교입구 성남고교입구교차로 1차로 주의운전 도로공사 -,126.922859564416,37.5062472666459
2021-01-03 08:27:51,,2021-01-03 08:27:00,2021-01-03 08:57:00,2,기상 ,경부고속도로 117km 동대구JC 경산IC 1차로 맑음, 바람 없음 기상 -,128.7423505,35.8711415
2021-01-03 08:28:27,,2021-01-03 08:28:00,2021-01-03 18:00:00,0,공사 ,일반국도44호선 홍천 연봉지구 교차로 선형개선 공사  갈마곡리산704 연봉2교 진행방향 전체차로 국도44호선 홍천 연봉지구 교차로 선형개선 공사로 인한 2개차로 부분통제  도로공사 반대 차선 확인 요망,127.8872139,37.6889124
2021-01-03 08:29:17,,2021-01-03 08:29:00,2021-01-03 18:00:00,0,공사 ,여의대방로 동일빌딩 보라매공원입구교차로 1차로 주의운전 도로공사 -,126.918453822182,37.497479460218
2021-01-03 08:29:29,,2021-01-03 08:29:00,2021-01-03 08:59:00,1,사고 ,중부내륙고속도로 충주IC 충주IC 1차로 0km(방향) 주의운전 차량고장 -,127.8467537,36.9780302
2021-01-03 08:30:05,,2021-01-03 08:27:00,2021-01-03 18:00:00,0,공사 ,일반국도6호선 딸기원 교문사거리 1차로 이동하면서 청소 중 도로공사 -,127.1314497,37.5920936
2021-01-03 08:30:21,,2021-01-03 08:29:00,2021-01-03 18:00:00,0,공사 ,산업로 명동마을 명동삼거리 1차로 유턴차로 공사관련 안전운전요망 도로공사 -,129.3337147,35.5098081
2021-01-03 08:31:37,,2021-01-03 08:31:00,2021-01-03 18:00:00,0,공사 ,한글비석로 상계동699 상계8동주민센터 1차로 주의운전 도로공사 -,127.051853,37.6653165
2021-01-03 08:35:21,,2021-01-03 08:33:00,2021-01-03 18:00:00,0,공사 ,산업로 태광산업교차로 명동삼거리 2차로 5차로 도로공사 관련 통제중, 주의운전 도로공사 -,129.3368988,35.5111366
2021-01-03 08:35:30,2885,2021-01-03 08:29:02,2021-01-03 08:59:00,1,사고 ,중부내륙고속도로 충주IC 충주IC 1차로 0km(방향) 주의운전 차량고장 -,127.8467537,36.9780302
2021-01-03 08:35:44,,2021-01-03 08:35:00,2021-01-03 18:00:00,0,공사 ,감실로 용흥로95 용흥초교앞교차로 1차로 서행 도로공사 -,129.3495385,36.0377222
2021-01-03 08:36:00,2888,2021-01-03 08:29:02,2021-01-03 18:00:00,0,공사 ,여의대방로 동일빌딩 보라매공원입구교차로 1차로 주의운전 도로공사 -,126.918453822182,37.497479460218
2021-01-03 08:36:30,2914,2021-01-03 08:28:02,2021-01-03 18:00:00,2,,,127.8872139,37.6889124
2021-01-03 08:37:00,2925,2021-01-03 08:27:02,2021-01-03 08:57:00,2,기상 ,경부고속도로 117km 동대구JC 경산IC 1차로 맑음, 바람 없음 기상 -,128.7423505,35.8711415
2021-01-03 08:41:59,,2021-01-03 08:41:00,2021-01-03 18:00:00,0,공사 ,서빙고로 용산동6가6828 서빙고역앞교차로 1차로 주의운전 도로공사 -,126.9887878,37.5195156
2021-01-03 08:43:00,,2021-01-03 08:42:00,2021-01-03 18:00:00,0,공사 ,회나무로 한미연구소 중앙경리단앞 1차로 주의운전 도로공사 -,126.987087599722,37.5384421997222
2021-01-03 08:46:05,,2021-01-03 08:43:00,2021-01-03 18:00:00,0,공사 ,남부순환로 시립문수궁도장 감나무진사거리 1차로 1차로 도로개설공사 관련 차로 감소 및 도로선형 불규칙하여 주의운전 요망 도로공사 -,129.3058207,35.517663
2021-01-03 08:46:31,,2021-01-03 08:46:00,2021-01-03 09:16:00,2,행사 ,새문안로5길 정부중앙청사앞교차로 정부중앙청사별관 1차로 주의운전 집회 -,126.9744244,37.5741349
2021-01-03 08:46:54,,2021-01-03 08:46:00,2021-01-03 18:00:00,0,공사 ,보문로 대고오거리 대흥성결교회 1차로 주의운전 도로공사 -,127.4237315,36.3210996
2021-01-03 08:49:31,,2021-01-03 08:49:00,2021-01-03 09:19:00,2,행사 ,일반국도48호선 교보빌딩앞 세종로168 1차로 주의운전 집회 -,126.9766967,37.571359
2021-01-03 08:51:07,,2021-01-03 08:50:00,2021-01-03 18:00:00,0,공사 ,노해로 롯데백화점 순복음교회 1차로 승강편의시설공사 도로공사 -,127.0669311,37.6388786
2021-01-03 08:51:18,,2021-01-03 08:50:00,2021-01-03 18:00:00,0,공사 ,동해대로 청초교삼거리 청초교사거리 1차로 청초호 생활숙박시설 공사로 공사차량 진츨입 주의운전 도로공사 -,128.5808931,38.1937973
2021-01-03 08:58:01,,2021-01-03 08:57:00,2021-01-03 18:00:00,0,공사 ,한글비석로 서라벌고교 대진고교 1차로 동북선경전철 공사 도로공사 -,127.061311,37.6546904
2021-01-03 08:59:18,,2021-01-03 08:59:00,2021-01-03 18:00:00,0,공사 ,세종대로 서울역4번출구 숭례문앞교차로 1차로 주의운전 도로공사 -,126.975281,37.5604244
2021-01-03 09:00:39,,2021-01-03 09:00:00,2021-01-03 09:30:00,1,사고 ,소공로 시청앞교차로 서울프라자호텔 1차로 주의운전 교통사고 -,126.9773079,37.5647258
2021-01-03 09:00:51,,2021-01-03 09:00:00,2021-01-03 09:30:00,1,사고 ,영종대로462번길 운남동1771 큰말로4 1차로 주의운전 교통사고 -,126.514722222222,37.4694444444445
2021-01-03 09:03:03,,2021-01-03 09:02:00,2021-01-03 18:00:00,0,공사 ,세종대로 프레스센터 청계광장 1차로 주의운전 도로공사 -,126.9771265,37.5673761
2021-01-03 09:03:38,,2021-01-03 09:03:00,2021-01-03 09:33:00,1,사고 ,산서로 공동화물 침산2교남측 1차로 주의운전 교통사고 -,127.3999172,36.2756544
2021-01-03 09:04:12,,2021-01-03 09:04:00,2021-01-03 18:00:00,0,공사 ,마들로 창동열린극장교차로 창동운동장앞교차로 1차로 주의운전 도로공사 -,127.0503496,37.6599789
2021-01-03 09:04:38,,2021-01-03 09:04:00,2021-01-03 09:34:00,2,통제 ,덕수궁길 시청앞교차로 정동제일교회앞교차로 1차로 주의운전 공사 -,126.9770467,37.5649266
2021-01-03 09:05:23,,2021-01-03 09:05:00,2021-01-03 18:00:00,0,공사 ,노원로 상계10단지앞 상계교교차로 1차로 주의운전 도로공사 -,127.054331,37.6622624
2021-01-03 09:05:30,3272,2021-01-03 09:03:02,2021-01-03 09:33:00,1,사고 ,산서로 공동화물 침산2교남측 1차로 주의운전 교통사고 -,127.3999172,36.2756544
2021-01-03 09:05:43,,2021-01-03 09:05:00,2021-01-03 18:00:00,0,공사 ,덕릉로115다길 신상계초등학교 흥부전놀부전 1차로 주의운전 도로공사 추가내용,127.077811204137,37.6684995013563
2021-01-03 09:06:00,3276,2021-01-03 09:02:02,2021-01-03 18:00:00,0,공사 ,세종대로 프레스센터 청계광장 1차로 주의운전 도로공사 -,126.9771265,37.5673761
2021-01-03 09:06:04,,2021-01-03 09:06:00,2021-01-03 18:00:00,0,공사 ,노해로 창동하이마트 극동방송문화센터 1차로 주의운전 도로공사 -,127.0523542,37.6538936
2021-01-03 09:06:30,3301,2021-01-03 09:00:02,2021-01-03 09:30:00,1,사고 ,영종대로462번길 운남동1771 큰말로4 1차로 주의운전 교통사고 -,126.514722222222,37.4694444444445
2021-01-03 09:06:42,,2021-01-03 09:06:00,2021-01-03 09:36:00,1,사고 ,노해로 창동하이마트 도봉경찰서앞교차로 1차로 주의운전 교통사고 -,127.0527874,37.6526681
2021-01-03 09:07:00,3318,2021-01-03 09:00:02,2021-01-03 09:30:00,1,사고 ,소공로 시청앞교차로 서울프라자호텔 1차로 주의운전 교통사고 -,126.9773079,37.5647258
2021-01-03 09:07:31,3334,2021-01-03 08:59:02,2021-01-03 18:00:00,0,공사 ,세종대로 서울역4번출구 숭례문앞교차로 1차로 주의운전 도로공사 -,126.975281,37.5604244
2021-01-03 09:08:00,3337,2021-01-03 08:57:02,2021-01-03 18:00:00,0,공사 ,한글비석로 서라벌고교 대진고교 1차로 동북선경전철 공사 도로공사 -,127.061311,37.6546904
2021-01-03 09:09:37,,2021-01-03 09:09:00,2021-01-03 09:39:00,1,사고 ,삼양로 성북구강북구 미아6동우편취급소앞 2차로 주의운전 고장 차량 -,127.022124979659,37.615311404086
2021-01-03 09:10:30,3344,2021-01-03 09:06:02,2021-01-03 09:36:00,1,사고 ,노해로 창동하이마트 도봉경찰서앞교차로 1차로 주의운전 교통사고 -,127.0527874,37.6526681
2021-01-03 09:11:00,3348,2021-01-03 09:06:02,2021-01-03 18:00:00,0,공사 ,노해로 창동하이마트 극동방송문화센터 1차로 주의운전 도로공사 -,127.0523542,37.6538936
2021-01-03 09:11:30,3373,2021-01-03 09:05:02,2021-01-03 18:00:00,0,공사 ,덕릉로115다길 신상계초등학교 흥부전놀부전 1차로 주의운전 도로공사 추가내용,127.077811204137,37.6684995013563
2021-01-03 09:11:39,,2021-01-03 09:11:00,2021-01-03 09:41:00,2,기상 ,지방도840호선 봉정보건진료소 구성1리마을회관 1차로 주의운전 기상 -,127.2852981,35.2285711
2021-01-03 09:11:39,,2021-01-03 09:11:00,2021-01-03 23:59:00,2,행사 ,사직로 경복궁사거리 경복궁 3차로 주의운전 집회 추가내용,126.98008489355,37.5758693874657
2021-01-03 09:11:46,,2021-01-03 09:11:00,2021-01-03 09:41:00,2,기상 ,새만금포항고속도로 서포항TG 서포항IC입구 1차로 55km(방향) 주의운전 강풍 -,129.2225527,36.0677321
2021-01-03 09:12:01,3387,2021-01-03 09:05:02,2021-01-03 18:00:00,0,공사 ,노원로 상계10단지앞 상계교교차로 1차로 주의운전 도로공사 -,127.054331,37.6622624
2021-01-03 09:12:33,3407,2021-01-03 09:04:02,2021-01-03 09:34:00,2,통제 ,덕수궁길 시청앞교차로 정동제일교회앞교차로 1차로 주의운전 공사 -,126.9770467,37.5649266
2021-01-03 09:12:40,,2021-01-03 09:12:00,2021-01-03 09:42:00,2,통제 ,소공로 한국은행앞 한국은행앞교차로 4차로 주의운전 행사 -,126.981574635909,37.5613317816233
2021-01-03 09:12:48,,2021-01-03 09:12:00,2021-01-03 18:00:00,0,공사 ,일반국도1호선 덕촌교 부흥고삼거리 1차로 주의운전 도로공사 -,126.941981214569,37.3938251841131
2021-01-03 09:13:00,3409,2021-01-03 09:04:02,2021-01-03 18:00:00,0,공사 ,마들로 창동열린극장교차로 창동운동장앞교차로 1차로 주의운전 도로공사 -,127.0503496,37.6599789
2021-01-03 09:13:44,,2021-01-03 09:13:00,2021-01-03 23:59:00,2,행사 ,율곡로2길 서울지방국세청 한국일보문화센타 2차로 주의운전 집회 -,126.980833333333,37.5752777777778
2021-01-03 09:13:46,,2021-01-03 09:13:00,2021-01-03 18:00:00,0,공사 ,일반국도43호선 인창초교앞교차로 인창삼거리 3차로 주의운전 하수관거 작업 -,127.1331993,37.6039557
2021-01-03 09:14:40,,2021-01-03 09:14:00,2021-01-03 09:44:00,1,사고 ,남부순환로 현대자동차AS센타 구로IC 2차로 주의운전 교통사고 -,126.885950021343,37.4826850444138
2021-01-03 09:15:30,3417,2021-01-03 09:09:02,2021-01-03 09:39:00,1,사고 ,삼양로 성북구강북구 미아6동우편취급소앞 2차로 주의운전 고장 차량 -,127.022124979659,37.615311404086
2021-01-03 09:15:39,,2021-01-03 09:15:00,2021-01-03 23:59:00,2,행사 ,삼봉로 미국대사관 서울소방본부 2차로 주의운전 집회 -,126.977529919737,37.5726579398758
2021-01-03 09:16:21,,2021-01-03 09:16:00,2021-01-03 09:46:00,1,사고 ,인수봉로 지하차도북측 쌈지마당길인수봉길진 2차로 주의운전 고장 차량 -,127.012649985457,37.6283163874935
2021-01-03 09:16:21,,2021-01-03 09:16:00,2021-01-03 23:59:00,2,행사 ,삼봉로 서울소방본부 미국대사관 1차로 주의운전 집회 -,126.978055555556,37.5727777777778
2021-01-03 09:17:02,,2021-01-03 09:16:00,2021-01-03 09:46:00,1,사고 ,북부간선도로 묵동IC 중랑구노원구 1차로 주의운전 교통사고 -,127.0924989,37.6178075
2021-01-03 09:17:36,,2021-01-03 09:17:00,2021-01-03 23:59:00,2,행사 ,삼봉로 종로구청앞교차로 서울소방본부 1차로 주의운전 집회 -,126.979166666667,37.5725
2021-01-03 09:20:31,3486,2021-01-03 09:16:02,2021-01-03 09:46:00,1,사고 ,북부간선도로 묵동IC 중랑구노원구 1차로 주의운전 교통사고 -,127.0924989,37.6178075
2021-01-03 09:20:51,,2021-01-03 09:20:00,2021-01-03 18:00:00,0,공사 ,한동로 곡강리산1502 곡강리1658 1차로 서행 도로공사 -,129.3995392,36.1038641
2021-01-03 09:21:01,3489,2021-01-03 09:16:02,2021-01-03 23:59:00,2,행사 ,삼봉로 서울소방본부 미국대사관 1차로 주의운전 집회 -,126.978055555556,37.5727777777778
2021-01-03 09:21:11,,2021-01-03 09:20:00,2021-01-03 09:50:00,1,사고 ,일반국도43호선 신북천막공사 구신북대교앞교차로 1차로 안전운전, 교차로내 교통사고로 인해 후방 100미터 지체 교통사고 -,127.220563442621,37.9199844491739
2021-01-03 09:23:15,50,2021-01-03 09:13:02,2021-01-03 23:59:00,2,행사 ,율곡로2길 서울지방국세청 한국일보문화센타 2차로 주의운전 집회 -,126.980833333333,37.5752777777778
2021-01-03 09:25:31,57,2021-01-03 09:20:02,2021-01-03 09:50:00,1,사고 ,일반국도43호선 신북천막공사 구신북대교앞교차로 1차로 안전운전, 교차로내 교통사고로 인해 후방 100미터 지체 교통사고 -,127.220563442621,37.9199844491739
2021-01-03 09:25:40,,2021-01-03 09:25:00,2021-01-03 18:00:00,0,공사 ,현충원로 갑동제1교 갑동제1교 1차로 주의운전 도로공사 -,127.28939703911,36.3605229317849
2021-01-03 09:26:01,59,2021-01-03 09:20:02,2021-01-03 18:00:00,0,공사 ,한동로 곡강리산1502 곡강리1658 1차로 서행 도로공사 -,129.3995392,36.1038641
2021-01-03 09:26:31,84,2021-01-03 09:17:02,2021-01-03 23:59:00,2,행사 ,삼봉로 종로구청앞교차로 서울소방본부 1차로 주의운전 집회 -,126.979166666667,37.5725
2021-01-03 09:27:12,,2021-01-03 09:27:00,2021-01-03 18:00:00,0,공사 ,일반국도42호선 토마토다방 만수주공사거리 1차로 주의운전 도로공사 -,126.7336099,37.4547883
2021-01-03 09:31:09,,2021-01-03 09:31:00,2021-01-03 18:00:00,0,공사 ,중앙로 중구청역네거리 중구청네거리 1차로 주의운전 도로공사 -,127.4205962,36.3254496
2021-01-03 09:31:48,,2021-01-03 09:31:00,2021-01-03 18:00:00,0,공사 ,방어진순환도로 현대미포조선앞교차로 7563 2차로 주의운전 도로공사 -,129.4068128,35.4964665997222
2021-01-03 09:34:07,,2021-01-03 09:34:00,2021-01-03 18:00:00,0,공사 ,대종로 선화네거리 중앙로역네거리 1차로 주의운전 도로공사 -,127.4255916,36.3285761
2021-01-03 09:34:20,,2021-01-03 09:33:00,2021-01-03 18:00:00,0,공사 ,황무로 가산삼거리  죽당리 1,2차로 철로공사 작업으로 인해 우회도로 신설 차량 유도중 서행 도로공사 -,127.5115496,37.244366
2021-01-03 09:34:27,,2021-01-03 09:34:00,2021-01-03 10:04:00,1,사고 ,산본천로 한얼공원삼거리 산본초교입구사거리 1차로 주의운전 교통사고 -,126.9341226,37.3651026
2021-01-03 09:35:30,187,2021-01-03 09:27:02,2021-01-03 18:00:00,0,공사 ,일반국도42호선 토마토다방 만수주공사거리 1차로 주의운전 도로공사 -,126.7336099,37.4547883
2021-01-03 09:35:40,,2021-01-03 09:35:00,2021-01-03 18:00:00,0,공사 ,중교로 전통다원차야 으능정이네거리 1차로 주의운전 도로공사 -,127.4251897,36.3258263
2021-01-03 09:36:47,,2021-01-03 09:36:00,2021-01-03 18:00:00,0,공사 ,일반국도14호선 관문사거리 대성암 1차로 대성암 앞 도로복구공사로 인한 일부차로 통행제한 도로공사 -,128.4306738,34.8608622
2021-01-03 09:38:13,,2021-01-03 09:38:00,2021-01-03 10:08:00,1,사고 ,고산로 산본사거리 산본고가차도 1차로 주의운전 차량고장 -,126.9367092,37.3728308
2021-01-03 09:39:11,,2021-01-03 09:38:00,2021-01-03 18:00:00,0,공사 ,가작5길 삼각동행정복지센터 엘림교회 3차로 주의운전 도로공사 -,126.899969796011,35.1983207850836
2021-01-03 09:40:30,,2021-01-03 09:40:00,2021-01-03 18:00:00,0,공사 ,벚꽃로10길 롯데알미늄 아앤피미트 1차로 주의운전 도로공사 -,126.8915678,37.4618919
2021-01-03 09:40:30,254,2021-01-03 09:38:02,2021-01-03 10:08:00,1,사고 ,고산로 산본사거리 산본고가차도 1차로 주의운전 차량고장 -,126.9367092,37.3728308
2021-01-03 09:41:00,257,2021-01-03 09:36:02,2021-01-03 18:00:00,0,공사 ,일반국도14호선 관문사거리 대성암 1차로 대성암 앞 도로복구공사로 인한 일부차로 통행제한 도로공사 -,128.4306738,34.8608622
2021-01-03 09:41:30,279,2021-01-03 09:35:02,2021-01-03 18:00:00,0,공사 ,중교로 전통다원차야 으능정이네거리 1차로 주의운전 도로공사 -,127.4251897,36.3258263
2021-01-03 09:42:00,289,2021-01-03 09:34:02,2021-01-03 10:04:00,1,사고 ,산본천로 한얼공원삼거리 산본초교입구사거리 1차로 주의운전 교통사고 -,126.9341226,37.3651026
2021-01-03 09:42:17,,2021-01-03 09:41:00,2021-01-03 18:00:00,0,공사 ,을지로 을지로5가사거리 을지전화국 1차로 주의운전 도로공사 -,127.0042505,37.5665032
2021-01-03 09:42:30,306,2021-01-03 09:33:02,2021-01-03 18:00:00,0,공사 ,황무로 가산삼거리  죽당리 1,2차로 철로공사 작업으로 인해 우회도로 신설 차량 유도중 서행 도로공사 -,127.5115496,37.244366
2021-01-03 09:43:01,309,2021-01-03 09:34:02,2021-01-03 18:00:00,0,공사 ,대종로 선화네거리 중앙로역네거리 1차로 주의운전 도로공사 -,127.4255916,36.3285761
2021-01-03 09:43:50,,2021-01-03 09:43:00,2021-01-03 10:13:00,1,사고 ,아차산로 뚝섬역7번출구 뚝섬역1번출구 3차로 주의운전 교통사고 -,127.046144799722,37.5478682
2021-01-03 09:44:37,,2021-01-03 09:44:00,2021-01-03 18:00:00,0,공사 ,남해고속도로 장흥IC 부산사거리 1차로 주의운전 도로공사 -,126.9021999,34.7013634
2021-01-03 09:44:51,,2021-01-03 09:44:00,2021-01-03 10:14:00,1,사고 ,축항로 인천활어도매종합센타사거리 항동7가27184 4차로 1개차선통제중  차량고장 -,126.6085606,37.4557047997222
2021-01-03 09:45:30,323,2021-01-03 09:43:02,2021-01-03 10:13:00,1,사고 ,아차산로 뚝섬역7번출구 뚝섬역1번출구 3차로 주의운전 교통사고 -,127.046144799722,37.5478682
2021-01-03 09:46:00,327,2021-01-03 09:41:02,2021-01-03 18:00:00,0,공사 ,을지로 을지로5가사거리 을지전화국 1차로 주의운전 도로공사 -,127.0042505,37.5665032
2021-01-03 09:46:06,,2021-01-03 09:46:00,2021-01-03 18:00:00,0,공사 ,일반국도14호선 좌동삼거리 장안IC입구남측 1차로 주의운전 도로공사 -,129.2433539,35.3239231
2021-01-03 09:46:30,353,2021-01-03 09:40:02,2021-01-03 18:00:00,0,공사 ,벚꽃로10길 롯데알미늄 아앤피미트 1차로 주의운전 도로공사 -,126.8915678,37.4618919
2021-01-03 09:46:51,,2021-01-03 09:46:00,2021-01-03 18:00:00,0,공사 ,수색로 수색역교차로 수색교앞교차로 3차로 주의운전 도로공사 -,126.893882513362,37.5831252791892
2021-01-03 09:47:00,368,2021-01-03 09:38:02,2021-01-03 18:00:00,0,공사 ,가작5길 삼각동행정복지센터 엘림교회 3차로 주의운전 도로공사 -,126.899969796011,35.1983207850836
2021-01-03 09:49:44,,2021-01-03 09:49:00,2021-01-03 10:19:00,1,사고 ,일반국도13호선 푸른초장교회 하남2지하차도 2차로 주의운전 고장 차량 -,126.808473599722,35.1636224
2021-01-03 09:50:30,393,2021-01-03 09:44:02,2021-01-03 10:14:00,1,사고 ,축항로 인천활어도매종합센타사거리 항동7가27184 4차로 1개차선통제중  차량고장 -,126.6085606,37.4557047997222
2021-01-03 09:51:00,397,2021-01-03 09:44:02,2021-01-03 18:00:00,0,공사 ,남해고속도로 장흥IC 부산사거리 1차로 주의운전 도로공사 -,126.9021999,34.7013634
2021-01-03 09:51:01,,2021-01-03 09:50:00,2021-01-03 18:00:00,0,공사 ,초량로 초량육거리 부산은행초량동지점 1차로 주의운전 도로공사 -,129.039652627082,35.119766257736
2021-01-03 09:51:21,,2021-01-03 09:51:00,2021-01-03 18:00:00,0,공사 ,일반국도34호선 교리152 막곡리5331 진행방향 전체차로 주의운전 도로공사 -,128.6673777,36.5815563
2021-01-03 09:53:46,,2021-01-03 09:53:00,2021-01-03 18:00:00,0,공사 ,명지국제3로 명지동3397 명지동3431 1차로 주의운전 도로공사 -,128.9119095,35.092484
2021-01-03 09:54:19,,2021-01-03 09:54:00,2021-01-03 18:00:00,0,공사 ,서오릉로 역촌역앞교차로 녹번초교 1차로 주의운전 도로공사 -,126.9240779,37.6049353
2021-01-03 09:54:30,,2021-01-03 09:54:00,2021-01-03 18:00:00,0,공사 ,도안동로 도안계룡리슈빌 도안동1493 1차로 주의운전 도로공사 -,127.3480027,36.3182044
2021-01-03 09:55:30,462,2021-01-03 09:49:02,2021-01-03 10:19:00,1,사고 ,일반국도13호선 푸른초장교회 하남2지하차도 2차로 주의운전 고장 차량 -,126.808473599722,35.1636224
2021-01-03 09:56:01,465,2021-01-03 09:46:02,2021-01-03 18:00:00,0,공사 ,수색로 수색역교차로 수색교앞교차로 3차로 주의운전 도로공사 -,126.893882513362,37.5831252791892
2021-01-03 09:56:37,,2021-01-03 09:56:00,2021-01-03 18:00:00,0,공사 ,지방도611호선 송림4교남측 화천사거리 1차로 주의운전 도로공사 -,126.6910671,36.0223354
2021-01-03 09:58:22,,2021-01-03 09:58:00,2021-01-03 10:28:00,1,사고 ,당산로 당서초등교 라센느아트홀 1차로 주의운전 차량고장 -,126.9002523,37.5316072
2021-01-03 09:58:23,,2021-01-03 09:58:00,2021-01-03 10:28:00,1,사고 ,원도안로 용소네거리 도안중학교입구 1차로 주의운전 차량고장 -,127.3456836,36.3148685
2021-01-03 09:58:58,,2021-01-03 09:58:00,2021-01-03 18:00:00,0,공사 ,일반국도35호선 14번교차로 부성주유소앞교차로 1차로 주의운전 도로공사 -,129.040967896751,35.3595248785504
2021-01-03 09:59:18,,2021-01-03 09:59:00,2021-01-03 18:00:00,0,공사 ,일반국도25호선 연금교차로 마산리9431 1차로 주의운전 시설물보수 -,128.767084,35.424178
2021-01-03 09:59:37,,2021-01-03 09:59:00,2021-01-03 18:00:00,0,공사 ,시청로 시청주차장앞교차로 한국은행광주전남본부지점 3차로 주의운전 유지보수 -,126.848339999722,35.1590684
2021-01-03 10:00:31,530,2021-01-03 09:58:02,2021-01-03 10:28:00,1,사고 ,원도안로 용소네거리 도안중학교입구 1차로 주의운전 차량고장 -,127.3456836,36.3148685
2021-01-03 10:00:48,,2021-01-03 10:00:00,2021-01-03 10:30:00,1,사고 ,문정로 탄방역2번출구 보라매삼거리 3차로 주의운전 차량고장 -,127.3839436,36.346913
2021-01-03 10:00:58,,2021-01-03 10:00:00,2021-01-03 18:00:00,0,공사 ,덕산로 한솔리치빌 3단지 닥풍터널 2차로 주의운전 도로공사 -,127.1947592,37.5370293
2021-01-03 10:01:01,533,2021-01-03 09:58:02,2021-01-03 10:28:00,1,사고 ,당산로 당서초등교 라센느아트홀 1차로 주의운전 차량고장 -,126.9002523,37.5316072
2021-01-03 10:01:30,556,2021-01-03 09:56:02,2021-01-03 18:00:00,0,공사 ,지방도611호선 송림4교남측 화천사거리 1차로 주의운전 도로공사 -,126.6910671,36.0223354
2021-01-03 10:02:00,567,2021-01-03 09:54:02,2021-01-03 18:00:00,0,공사 ,도안동로 도안계룡리슈빌 도안동1493 1차로 주의운전 도로공사 -,127.3480027,36.3182044
2021-01-03 10:02:30,588,2021-01-03 09:54:02,2021-01-03 18:00:00,0,공사 ,서오릉로 역촌역앞교차로 녹번초교 1차로 주의운전 도로공사 -,126.9240779,37.6049353
2021-01-03 10:02:32,,2021-01-03 10:03:00,2021-01-03 18:00:00,0,공사 ,방송국1길 할리스커피대전만년점 행복이넘치는교회 1차로 주의운전 도로공사 -,127.382116135403,36.3683149809508
2021-01-03 10:03:00,591,2021-01-03 09:53:02,2021-01-03 18:00:00,0,공사 ,명지국제3로 명지동3397 명지동3431 1차로 주의운전 도로공사 -,128.9119095,35.092484
2021-01-03 10:03:07,,2021-01-03 10:02:00,2021-01-03 18:00:00,0,공사 ,회재로 행복한나라어린이집 풍암수정교회 3차로 주의운전 유지보수 -,126.8762832,35.1266598
2021-01-03 10:03:30,592,2021-01-03 09:53:02,2021-01-03 18:00:00,0,공사 ,서오릉로 역촌역앞교차로 녹번초교 1차로 주의운전 도로공사 -,126.9239824,37.604845
2021-01-03 10:03:47,,2021-01-03 10:03:00,2021-01-03 10:33:00,1,사고 ,수정로 리키즈스쿨어린이집 태평역사거리 1차로 주의운전 차량고장 -,127.125990679954,37.4394620372984
2021-01-03 10:03:50,,2021-01-03 10:03:00,2021-01-03 18:00:00,0,공사 ,진잠로 구암역삼거리 샬롬중앙교회 3차로 주의운전 도로공사 -,127.3304631,36.3548849
2021-01-03 10:05:30,603,2021-01-03 10:03:02,2021-01-03 10:33:00,1,사고 ,수정로 리키즈스쿨어린이집 태평역사거리 1차로 주의운전 차량고장 -,127.125990679954,37.4394620372984
2021-01-03 10:05:42,,2021-01-03 10:05:00,2021-01-03 18:00:00,0,공사 ,관저서로 관저동1634 구봉마을아파트9단지 1차로 주의운전 도로공사 -,127.330821972222,36.2925419722222
2021-01-03 10:06:01,607,2021-01-03 10:02:02,2021-01-03 18:00:00,0,공사 ,회재로 행복한나라어린이집 풍암수정교회 3차로 주의운전 유지보수 -,126.8762832,35.1266598
2021-01-03 10:06:19,,2021-01-03 10:06:00,2021-01-03 18:00:00,0,공사 ,일반국도32호선 갈마지하차도 숭어리샘네거리 3차로 주의운전 도로공사 -,127.37871,36.3456113
2021-01-03 10:06:30,628,2021-01-03 10:03:02,2021-01-03 18:00:00,0,공사 ,방송국1길 할리스커피대전만년점 행복이넘치는교회 1차로 주의운전 도로공사 -,127.382116135403,36.3683149809508
2021-01-03 10:06:59,,2021-01-03 10:06:00,2021-01-03 18:00:00,0,공사 ,북부순환로 장등터널서측 일곡교차로 3차로 주의운전 유지보수 -,126.9047602,35.2147165
2021-01-03 10:07:00,642,2021-01-03 10:00:02,2021-01-03 18:00:00,0,공사 ,덕산로 한솔리치빌 3단지 닥풍터널 2차로 주의운전 도로공사 -,127.1947592,37.5370293
2021-01-03 10:07:11,,2021-01-03 10:07:00,2021-01-03 18:00:00,0,공사 ,삼성로 경기여고앞교차로 영동5교앞교차로 1차로 주의운전 도로공사 -,127.0672383,37.4878257
2021-01-03 10:07:30,659,2021-01-03 10:00:02,2021-01-03 10:30:00,1,사고 ,문정로 탄방역2번출구 보라매삼거리 3차로 주의운전 차량고장 -,127.3839436,36.346913
2021-01-03 10:08:00,663,2021-01-03 09:59:02,2021-01-03 18:00:00,0,공사 ,시청로 시청주차장앞교차로 한국은행광주전남본부지점 3차로 주의운전 유지보수 -,126.848339999722,35.1590684
2021-01-03 10:08:04,,2021-01-03 10:07:00,2021-01-03 18:00:00,0,공사 ,일반국도5호선 진흥교 북구읍내동1234147 1차로 주의운전 도로공사 -,128.554359,35.9586702
2021-01-03 10:08:30,664,2021-01-03 09:59:02,2021-01-03 18:00:00,0,공사 ,일반국도25호선 연금교차로 마산리9431 1차로 주의운전 시설물보수 -,128.767084,35.424178
2021-01-03 10:09:01,,2021-01-03 10:08:00,2021-01-03 10:38:00,1,사고 ,일반국도3호선 용산마을회관 수시마을 1차로 주의운전 차량고장 -,128.018333333333,35.2280555555556
2021-01-03 10:09:59,,2021-01-03 10:09:00,2021-01-03 10:39:00,1,사고 ,진주대로 이현교삼거리 이현동 1차로 주의운전 교통사고 -,128.059444444444,35.1947222222222
2021-01-03 10:10:23,,2021-01-03 10:10:00,2021-01-03 10:40:00,2,통제 ,매곡1길 전주곤충캠퍼스 행복한교회 1차로 주의운전 공사 -,127.1460928,35.8148359
2021-01-03 10:10:30,,2021-01-03 10:10:00,2021-01-03 18:00:00,0,공사 ,서설로 문화전당역3번출구 서석교 2차로 건물공사로 인해 도로차선점거로 인해 교통통제중 도로공사 -,126.9181824,35.1482815997222
2021-01-03 10:10:30,677,2021-01-03 10:08:02,2021-01-03 10:38:00,1,사고 ,일반국도3호선 용산마을회관 수시마을 1차로 주의운전 차량고장 -,128.018333333333,35.2280555555556
2021-01-03 10:11:00,681,2021-01-03 10:07:02,2021-01-03 18:00:00,0,공사 ,일반국도5호선 진흥교 북구읍내동1234147 1차로 주의운전 도로공사 -,128.554359,35.9586702
2021-01-03 10:11:29,,2021-01-03 10:11:00,2021-01-03 10:41:00,1,사고 ,광나루로 상원삼거리 성수동2가삼거리 3차로 주의운전 교통사고 -,127.05505509992,37.549848369772
2021-01-03 10:11:30,709,2021-01-03 10:07:02,2021-01-03 18:00:00,0,공사 ,삼성로 경기여고앞교차로 영동5교앞교차로 1차로 주의운전 도로공사 -,127.0672383,37.4878257
2021-01-03 10:12:00,724,2021-01-03 10:06:02,2021-01-03 18:00:00,0,공사 ,북부순환로 장등터널서측 일곡교차로 3차로 주의운전 유지보수 -,126.9047602,35.2147165
2021-01-03 10:12:01,,2021-01-03 10:11:00,2021-01-03 10:41:00,1,사고 ,가산디지털2로 대륭테크노타운12차 중앙인쇄 2차로 주의운전 교통사고 -,126.8836967,37.4707809
2021-01-03 10:12:03,,2021-01-03 10:11:00,2021-01-03 18:00:00,0,공사 ,국가지원지방도57호선 수협은행둔산지점 은하수네거리 4차로 주의운전 도로공사 -,127.3777666,36.3502665
2021-01-03 10:12:33,743,2021-01-03 10:06:02,2021-01-03 18:00:00,0,공사 ,일반국도32호선 갈마지하차도 숭어리샘네거리 3차로 주의운전 도로공사 -,127.37871,36.3456113
2021-01-03 10:13:01,745,2021-01-03 10:05:02,2021-01-03 18:00:00,0,공사 ,관저서로 관저동1634 구봉마을아파트9단지 1차로 주의운전 도로공사 -,127.330821972222,36.2925419722222
2021-01-03 10:13:31,747,2021-01-03 10:03:02,2021-01-03 18:00:00,0,공사 ,진잠로 구암역삼거리 샬롬중앙교회 3차로 주의운전 도로공사 -,127.3304631,36.3548849
2021-01-03 10:14:43,,2021-01-03 10:14:00,2021-01-03 18:00:00,0,공사 ,가좌로 크리비아 신응교 1차로 주의운전 시설물보수 -,126.9158484,37.5911862
2021-01-03 10:15:31,753,2021-01-03 10:11:02,2021-01-03 10:41:00,1,사고 ,가산디지털2로 대륭테크노타운12차 중앙인쇄 2차로 주의운전 교통사고 -,126.8836967,37.4707809
2021-01-03 10:15:32,,2021-01-03 10:15:00,2021-01-03 18:00:00,0,공사 ,원당대로 완정역1번출구 산성교회 1차로 주의운전 도로공사 -,126.6707679,37.5940289997222
2021-01-03 10:16:01,,2021-01-03 10:14:00,2021-01-03 18:00:00,0,공사 ,시장로 천보당사거리 굴모리 1차로 주의운전 도로공사 -,128.4555221,36.656411
2021-01-03 10:16:01,756,2021-01-03 10:11:02,2021-01-03 10:41:00,1,사고 ,광나루로 상원삼거리 성수동2가삼거리 3차로 주의운전 교통사고 -,127.05505509992,37.549848369772
2021-01-03 10:16:31,781,2021-01-03 10:10:02,2021-01-03 18:00:00,0,공사 ,서설로 문화전당역3번출구 서석교 2차로 건물공사로 인해 도로차선점거로 인해 교통통제중 도로공사 -,126.9181824,35.1482815997222
2021-01-03 10:16:36,,2021-01-03 10:16:00,2021-01-03 18:00:00,0,공사 ,일반국도3호선 묵동우체국 먹골역 1차로 주의운전 도로공사 -,127.0778508,37.6101004
2021-01-03 10:16:50,,2021-01-03 10:16:00,2021-01-03 10:46:00,1,사고 ,수등로 장덕중앞사거리 수등로11 2차로 주의운전 고장 차량 -,126.809530699722,35.183264
2021-01-03 10:17:01,794,2021-01-03 10:10:02,2021-01-03 10:40:00,2,통제 ,매곡1길 전주곤충캠퍼스 행복한교회 1차로 주의운전 공사 -,127.1460928,35.8148359
2021-01-03 10:17:02,,2021-01-03 10:16:00,2021-01-03 18:00:00,0,공사 ,중부내륙고속지선 유천IC북측 남대구TG 3,4차로 주의운전 도로공사 -,128.5154761,35.8188624
2021-01-03 10:17:29,,2021-01-03 10:17:00,2021-01-03 18:00:00,0,공사 ,호계로 햇살어린이집 협성아파트입구 1차로 주의운전 도로공사 -,129.3487985,35.6301851
2021-01-03 10:17:30,815,2021-01-03 10:09:02,2021-01-03 10:39:00,1,사고 ,진주대로 이현교삼거리 이현동 1차로 주의운전 교통사고 -,128.059444444444,35.1947222222222
2021-01-03 10:17:37,,2021-01-03 10:17:00,2021-01-03 10:47:00,1,사고 ,가산디지털1로 한국훼스토사옥 영창실업 1차로 주의운전 차량고장 -,126.8790258,37.4833649
2021-01-03 10:17:40,,2021-01-03 10:17:00,2021-01-03 18:00:00,0,공사 ,지방도337호선 용면리산1172 이천시광주시 1차로 주의운전 시설물보수 -,127.3588485,37.3063391
2021-01-03 10:18:25,,2021-01-03 10:18:00,2021-01-03 10:48:00,1,사고 ,광나루로 뚝섬역앞 응봉교앞 1차로 주의운전 교통사고 -,127.0345587,37.5454885997222
2021-01-03 10:19:30,,2021-01-03 10:19:00,2021-01-03 18:00:00,0,공사 ,계림오거리길 계림오거리 광주계림교회 1차로 운전자 등 주의운전요망 도로공사 -,126.9238886,35.1565644
2021-01-03 10:20:30,822,2021-01-03 10:18:02,2021-01-03 10:48:00,1,사고 ,광나루로 뚝섬역앞 응봉교앞 1차로 주의운전 교통사고 -,127.0345587,37.5454885997222
2021-01-03 10:20:44,,2021-01-03 10:20:00,2021-01-03 18:00:00,0,공사 ,일반국도7호선 천곡2교 천곡사거리 1차로 주의운전 도로공사 -,129.3454673,35.6359893
2021-01-03 10:21:00,826,2021-01-03 10:17:02,2021-01-03 18:00:00,0,공사 ,지방도337호선 용면리산1172 이천시광주시 1차로 주의운전 시설물보수 -,127.3588485,37.3063391
2021-01-03 10:21:11,,2021-01-03 10:21:00,2021-01-03 18:00:00,0,공사 ,땅끝대로 해남교차로북측 고도교차로 1차로 주의운전 도로공사 -,126.5947528,34.5656048
2021-01-03 10:21:30,849,2021-01-03 10:17:02,2021-01-03 10:47:00,1,사고 ,가산디지털1로 한국훼스토사옥 영창실업 1차로 주의운전 차량고장 -,126.8790258,37.4833649
2021-01-03 10:21:32,,2021-01-03 10:21:00,2021-01-03 18:00:00,0,공사 ,뚝섬로 성수대교 성수대교북단교차로 2차로 주의운전 도로공사 -,127.0363818,37.5439908997222
2021-01-03 10:21:42,,2021-01-03 10:21:00,2021-01-03 18:00:00,0,공사 ,꽝저우로 화정동4216 리빙마트 1차로 주의운전 유지보수 -,126.8714903,35.1342087
2021-01-03 10:22:00,858,2021-01-03 10:17:02,2021-01-03 18:00:00,0,공사 ,호계로 햇살어린이집 협성아파트입구 1차로 주의운전 도로공사 -,129.3487985,35.6301851
2021-01-03 10:22:33,877,2021-01-03 10:16:02,2021-01-03 18:00:00,0,공사 ,중부내륙고속지선 유천IC북측 남대구TG 3,4차로 주의운전 도로공사 -,128.5154761,35.8188624
2021-01-03 10:22:41,,2021-01-03 10:22:00,2021-01-03 18:00:00,0,공사 ,논현로 도곡1동주민센터입구교차로 문진미디어빌딩 3차로 주의운전 도로공사 -,127.0413082,37.4926062
2021-01-03 10:22:43,,2021-01-03 10:22:00,2021-01-03 23:00:00,0,공사 ,은행나무길 송곡2리교차로 송곡신일아파트 1차로 주의운전 도로공사 -,127.0227649,36.8007252
2021-01-03 10:23:00,879,2021-01-03 10:16:02,2021-01-03 10:46:00,1,사고 ,수등로 장덕중앞사거리 수등로11 2차로 주의운전 고장 차량 -,126.809530699722,35.183264
2021-01-03 10:23:04,,2021-01-03 10:22:00,2021-01-03 18:00:00,0,공사 ,다람로 진우교앞 궁평1교 1차로 주의운전 시설물보수 -,127.3367858,37.3265582
2021-01-03 10:23:30,881,2021-01-03 10:16:02,2021-01-03 18:00:00,0,공사 ,일반국도3호선 묵동우체국 먹골역 1차로 주의운전 도로공사 -,127.0778508,37.6101004
2021-01-03 10:24:00,885,2021-01-03 10:14:02,2021-01-03 18:00:00,0,공사 ,시장로 천보당사거리 굴모리 1차로 주의운전 도로공사 -,128.4555221,36.656411
2021-01-03 10:24:30,889,2021-01-03 10:15:02,2021-01-03 18:00:00,0,공사 ,원당대로 완정역1번출구 산성교회 1차로 주의운전 도로공사 -,126.6707679,37.5940289997222
2021-01-03 10:25:37,,2021-01-03 08:00:00,2021-01-03 17:00:00,0,공사 ,일반국도18호선 우산사거리 밤고개삼거리 1차로 주의운전 도로공사 -,127.0942321,34.754951
2021-01-03 10:27:17,,2021-01-03 10:27:00,2021-01-03 10:57:00,1,사고 ,일반국도6호선 신원역교차로 용담대교 1차로 주의운전 차량고장 -,127.3712732,37.5256885
2021-01-03 10:27:53,,2021-01-03 10:27:00,2021-01-03 18:00:00,0,공사 ,독서당로55길금호로 금호벽산아파트 조은미술학원 1차로 주의운전 도로공사 -,127.0253952,37.5522527997222
2021-01-03 10:27:56,,2021-01-03 10:27:00,2021-01-03 15:00:00,0,공사 ,일반국도44호선 모루박교차로 부평교차로 1차로 주의운전 시설물보수 -,128.1036731,37.9897082
2021-01-03 10:28:46,,2021-01-03 10:27:00,2021-01-03 18:00:00,0,공사 ,운천로 금호지구대 금호라인아파트 3차로 주의운전 도로공사 -,126.8590186,35.1379355
2021-01-03 10:28:54,,2021-01-03 10:28:00,2021-01-03 10:58:00,1,사고 ,지방도1042호선 산본삼거리 부곡동1132 1차로 주의운전 차량고장 -,128.7773934,35.2223499
2021-01-03 10:29:04,,2021-01-03 10:28:00,2021-01-03 18:00:00,0,공사 ,으뜸로 한국감정원충주지사 아이스타어린이집 1차로 주의운전 도로공사 -,127.923762499722,36.9907504
2021-01-03 10:29:29,,2021-01-03 10:24:24,2021-01-03 13:31:18,0,공사 ,수도권제1순환선(1000) (5차로)시설물보수작업중 [고속도로]수도권제1순환선(1000) (5차로)시설물보수작업중,126.7462,37.4954
2021-01-03 10:30:30,,2021-01-03 10:30:00,2021-01-03 18:00:00,0,공사 ,마른내로 중구청앞교차로 오장동사거리 1차로 주의운전 도로공사 -,127.001890224609,37.5645330825781
2021-01-03 10:30:30,965,2021-01-03 10:28:02,2021-01-03 10:58:00,1,사고 ,지방도1042호선 산본삼거리 부곡동1132 1차로 주의운전 차량고장 -,128.7773934,35.2223499
2021-01-03 10:31:00,968,2021-01-03 10:27:02,2021-01-03 18:00:00,0,공사 ,운천로 금호지구대 금호라인아파트 3차로 주의운전 도로공사 -,126.8590186,35.1379355
2021-01-03 10:31:31,993,2021-01-03 10:27:02,2021-01-03 15:00:00,0,공사 ,일반국도44호선 모루박교차로 부평교차로 1차로 주의운전 시설물보수 -,128.1036731,37.9897082
2021-01-03 10:31:33,,2021-01-03 10:31:00,2021-01-03 18:00:00,0,공사 ,경춘로 평내동삼거리 평내지하차도 1차로 주의운전 도로공사 -,127.2400076,37.6518731
2021-01-03 10:32:01,1010,2021-01-03 10:27:02,2021-01-03 18:00:00,0,공사 ,독서당로55길금호로 금호벽산아파트 조은미술학원 1차로 주의운전 도로공사 -,127.0253952,37.5522527997222
2021-01-03 10:32:31,1029,2021-01-03 10:27:02,2021-01-03 10:57:00,1,사고 ,일반국도6호선 신원역교차로 용담대교 1차로 주의운전 차량고장 -,127.3712732,37.5256885
2021-01-03 10:32:49,,2021-01-03 10:32:00,2021-01-03 18:00:00,0,공사 ,아나지로 메뜰사거리  나들목사거리 4차로 주의운전 도로공사 -,126.747774,37.5258132
2021-01-03 10:33:01,,2021-01-03 10:32:00,2021-01-03 18:00:00,0,공사 ,고덕로139번길 마개미1교 마개미1교 1차로 주의운전 도로공사 -,127.0570848,37.8217852
2021-01-03 10:33:01,1031,2021-01-03 08:00:02,2021-01-03 17:00:00,0,공사 ,일반국도18호선 우산사거리 밤고개삼거리 1차로 주의운전 도로공사 -,127.0942321,34.754951
2021-01-03 10:34:36,,2021-01-03 10:34:00,2021-01-03 18:00:00,0,공사 ,호평로68번길 호평로2071 호평동사거리 1차로 주의운전 도로공사 -,127.2504122,37.6544502
2021-01-03 10:35:24,,2021-01-03 10:35:00,2021-01-03 18:00:00,0,공사 ,논현로 도곡1동주민센터입구교차로 문진미디어빌딩 1차로 주의운전 도로공사 -,127.0415558,37.4925049
2021-01-03 10:35:30,1040,2021-01-03 10:31:02,2021-01-03 18:00:00,0,공사 ,경춘로 평내동삼거리 평내지하차도 1차로 주의운전 도로공사 -,127.2400076,37.6518731
2021-01-03 10:35:40,,2021-01-03 10:35:00,2021-01-03 18:00:00,0,공사 ,호평로 호평주공23단지입구 호평로2071 1차로 주의운전 도로공사 -,127.2534973,37.6553574
2021-01-03 10:36:00,1044,2021-01-03 10:30:02,2021-01-03 18:00:00,0,공사 ,마른내로 중구청앞교차로 오장동사거리 1차로 주의운전 도로공사 -,127.001890224609,37.5645330825781
2021-01-03 10:37:00,1083,2021-01-03 10:28:02,2021-01-03 18:00:00,0,공사 ,으뜸로 한국감정원충주지사 아이스타어린이집 1차로 주의운전 도로공사 -,127.923762499722,36.9907504
2021-01-03 10:38:15,,2021-01-03 10:38:00,2021-01-03 18:00:00,0,공사 ,동명로 메종브라이드웨딩샵 보배수산 2차로 광케이블 정비공사로 운전주의 요망 유지보수 -,126.9251978,35.1515545
2021-01-03 10:38:16,,2021-01-03 10:38:00,2021-01-03 18:00:00,0,공사 ,지방도1021호선 세포고개 산양읍 1차로 도로확장공사로 인한 해당구간 운행시 주의요망 도로공사 -,128.3947499,34.819985
2021-01-03 10:40:58,,2021-01-03 10:40:00,2021-01-03 11:10:00,1,사고 ,월드컵대로 거성사거리 부산아시아드주경기장 4차로 주의운전 차량고장 -,129.0676107,35.1921116
2021-01-03 10:41:57,,2021-01-03 10:41:00,2021-01-03 18:00:00,0,공사 ,일반국도22호선 보라리산841 신천리산24427 1차로 주의운전 도로공사 -,126.5319154,35.2377273
2021-01-03 10:43:18,,2021-01-03 10:42:00,2021-01-03 18:00:00,0,공사 ,경명대로 징매이고개  계산초교사거리  4차로 주의운전 도로공사 -,126.7226795,37.5368742
2021-01-03 10:43:54,,2021-01-03 10:43:00,2021-01-03 18:00:00,0,공사 ,두견길 장안고사거리 의료원삼거리 1차로 주의운전 도로공사 -,126.9951341,37.2922599
2021-01-03 10:44:13,,2021-01-03 10:43:00,2021-01-03 11:13:00,1,사고 ,강변북로 반포대교 한남대교 2차로 교통사고 서울청,126.996179384353,37.5198907547699
2021-01-03 10:45:31,1181,2021-01-03 10:43:02,2021-01-03 11:13:00,1,사고 ,강변북로 반포대교 한남대교 2차로 교통사고 서울청,126.996179384353,37.5198907547699
2021-01-03 10:46:01,1184,2021-01-03 10:43:02,2021-01-03 18:00:00,0,공사 ,두견길 장안고사거리 의료원삼거리 1차로 주의운전 도로공사 -,126.9951341,37.2922599
2021-01-03 10:46:04,,2021-01-03 10:45:00,2021-01-03 11:15:00,1,사고 ,강변북로 동작대교 반포대교 2차로 교통사고 서울청,126.992624743751,37.5184287086137
2021-01-03 10:46:31,1211,2021-01-03 10:42:02,2021-01-03 18:00:00,0,공사 ,경명대로 징매이고개  계산초교사거리  4차로 주의운전 도로공사 -,126.7226795,37.5368742
2021-01-03 10:47:01,1221,2021-01-03 10:41:02,2021-01-03 18:00:00,0,공사 ,일반국도22호선 보라리산841 신천리산24427 1차로 주의운전 도로공사 -,126.5319154,35.2377273
2021-01-03 10:47:31,1242,2021-01-03 10:40:02,2021-01-03 11:10:00,1,사고 ,월드컵대로 거성사거리 부산아시아드주경기장 4차로 주의운전 차량고장 -,129.0676107,35.1921116
2021-01-03 10:47:45,,2021-01-03 10:47:00,2021-01-03 18:00:00,0,공사 ,서방로 일출계란 말바우사거리 2차로 주의운전 유지보수 -,126.920779766272,35.1695982432177
2021-01-03 10:47:55,,2021-01-03 09:00:00,2021-01-03 18:00:00,0,공사 ,계족로 법동372 계족로6811 3차로 대덕소방서 건너편 공사로 3차로통제 서행 주의운전 도로공사 -,127.4283443,36.372131
2021-01-03 10:48:00,1245,2021-01-03 10:38:02,2021-01-03 18:00:00,0,공사 ,지방도1021호선 세포고개 산양읍 1차로 도로확장공사로 인한 해당구간 운행시 주의요망 도로공사 -,128.3947499,34.819985
2021-01-03 10:50:30,1251,2021-01-03 10:45:02,2021-01-03 11:15:00,1,사고 ,강변북로 동작대교 반포대교 2차로 교통사고 서울청,126.992624743751,37.5184287086137
2021-01-03 10:51:40,,2021-01-03 10:51:00,2021-01-03 18:00:00,0,공사 ,일반국도14호선 만덕사거리 만덕1로974 1차로 주의운전 도로공사 -,129.0302855,35.2130432
2021-01-03 10:52:06,,2021-01-03 10:51:00,2021-01-03 18:00:00,0,공사 ,일반국도59호선 서부교차로 선산방면 1차로 주의운전 도로공사 -,128.179510479585,36.1573330171052
2021-01-03 10:52:43,,2021-01-03 10:52:00,2021-01-03 18:00:00,0,공사 ,석정로 성원표구화랑 숭의시장사거리 1차로 주의운전 도로공사 -,126.644758,37.4647558
2021-01-03 10:55:30,1317,2021-01-03 10:52:02,2021-01-03 18:00:00,0,공사 ,석정로 성원표구화랑 숭의시장사거리 1차로 주의운전 도로공사 -,126.644758,37.4647558
2021-01-03 10:56:00,1320,2021-01-03 10:51:02,2021-01-03 18:00:00,0,공사 ,일반국도59호선 서부교차로 선산방면 1차로 주의운전 도로공사 -,128.179510479585,36.1573330171052
2021-01-03 10:56:30,1351,2021-01-03 10:51:02,2021-01-03 18:00:00,0,공사 ,일반국도14호선 만덕사거리 만덕1로974 1차로 주의운전 도로공사 -,129.0302855,35.2130432
2021-01-03 10:56:42,,2021-01-03 10:56:00,2021-01-03 18:00:00,0,공사 ,삼성로 은마상가 대치역앞교차로 1차로 주의운전 도로공사 -,127.0625818,37.4943175
2021-01-03 10:57:00,1358,2021-01-03 09:00:02,2021-01-03 18:00:00,0,공사 ,계족로 법동372 계족로6811 3차로 대덕소방서 건너편 공사로 3차로통제 서행 주의운전 도로공사 -,127.4283443,36.372131
2021-01-03 10:57:30,1370,2021-01-03 10:47:02,2021-01-03 18:00:00,0,공사 ,서방로 일출계란 말바우사거리 2차로 주의운전 유지보수 -,126.920779766272,35.1695982432177
2021-01-03 10:58:32,,2021-01-03 10:57:00,2021-01-03 18:00:00,0,공사 ,일반국도59번 대홍맨션 서부교차로방면 1차로 주의운전 도로공사 -,128.181771877978,36.160030675632
2021-01-03 10:58:35,,2021-01-03 10:58:00,2021-01-03 11:28:00,2,기상 ,경부고속도로192k하 동김천IC 동김천IC 1차로 0km(방향) 주의운전 강풍 -,128.1752922,36.1341662
2021-01-03 10:59:46,,2021-01-03 09:00:00,2021-01-03 18:00:00,0,공사 ,아리랑길 원촌교네거리 위원로지스 진행방향 전체차로 차세대주유소앞  양방향 1차로 공사로 서행 주의운전  하수관거 작업 반대 차선 확인 요망,127.4123534,36.3766036997222
2021-01-03 11:00:38,,2021-01-03 11:00:00,2021-01-03 18:00:00,0,공사 ,일반국도7호선 신천삼거리 약수교 1차로 주의운전 도로공사 -,129.3441929,35.6458161
2021-01-03 11:01:08,,2021-01-03 11:01:00,2021-01-03 18:00:00,0,공사 ,일반국도1호선 효덕지하차종점 효덕지하차시점 1차로 주의운전 도로공사 -,126.8949219,35.110092
2021-01-03 11:01:38,,2021-01-03 11:01:00,2021-01-03 11:31:00,1,사고 ,오토밸리로 중산교차로 중산동8572 1차로 주의운전 교통사고 -,129.3428482,35.6563873
2021-01-03 11:02:52,,2021-01-03 11:02:00,2021-01-03 18:00:00,0,공사 ,황고개길 연성2교차로 연성2교차로 1차로 주의운전 도로공사 -,126.789220487751,37.38176549484
2021-01-03 11:03:24,,2021-01-03 11:03:00,2021-01-03 18:00:00,0,공사 ,태봉길 콩툰만화카페안산중앙점 중앙역사거리 1차로 주의운전 도로공사 -,126.836764157595,37.3171280007629
2021-01-03 11:04:03,,2021-01-03 11:04:00,2021-01-03 18:00:00,0,공사 ,황고개길 시흥장현지구 경찰서앞교차로 1차로 주의운전 도로공사 -,126.78873883871,37.377231194484
2021-01-03 11:05:30,1447,2021-01-03 11:01:02,2021-01-03 11:31:00,1,사고 ,오토밸리로 중산교차로 중산동8572 1차로 주의운전 교통사고 -,129.3428482,35.6563873
2021-01-03 11:06:00,1451,2021-01-03 11:01:02,2021-01-03 18:00:00,0,공사 ,일반국도1호선 효덕지하차종점 효덕지하차시점 1차로 주의운전 도로공사 -,126.8949219,35.110092
2021-01-03 11:06:30,1481,2021-01-03 11:00:02,2021-01-03 18:00:00,0,공사 ,일반국도7호선 신천삼거리 약수교 1차로 주의운전 도로공사 -,129.3441929,35.6458161
2021-01-03 11:07:00,,2021-01-03 11:06:00,2021-01-03 11:36:00,2,통제 ,일반국도6호선 금교 태진피싱 1차로 주의운전 공사 -,127.1856422,37.607986
2021-01-03 11:07:00,1491,2021-01-03 09:00:02,2021-01-03 18:00:00,0,공사 ,아리랑길 원촌교네거리 위원로지스 진행방향 전체차로 차세대주유소앞  양방향 1차로 공사로 서행 주의운전  하수관거 작업 반대 차선 확인 요망,127.4123534,36.3766036997222
2021-01-03 11:07:30,1509,2021-01-03 10:58:02,2021-01-03 11:28:00,2,기상 ,경부고속도로192k하 동김천IC 동김천IC 1차로 0km(방향) 주의운전 강풍 -,128.1752922,36.1341662
2021-01-03 11:07:44,,2021-01-03 11:07:00,2021-01-03 11:37:00,1,사고 ,여의대방로 보라매공원입구교차로 보라매두산위브 1차로 주의운전 차량고장 -,126.9169862,37.4975427
2021-01-03 11:08:00,1513,2021-01-03 10:57:02,2021-01-03 18:00:00,0,공사 ,일반국도59번 대홍맨션 서부교차로방면 1차로 주의운전 도로공사 -,128.181771877978,36.160030675632
2021-01-03 11:08:09,,2021-01-03 11:08:00,2021-01-03 11:38:00,1,사고 ,고잔로 IBK미소금융재단 IBK기업은행안산중앙지점 1차로 주의운전 차량고장 -,126.827005592497,37.3195551376123
2021-01-03 11:10:30,1521,2021-01-03 11:08:02,2021-01-03 11:38:00,1,사고 ,고잔로 IBK미소금융재단 IBK기업은행안산중앙지점 1차로 주의운전 차량고장 -,126.827005592497,37.3195551376123
2021-01-03 11:10:40,,2021-01-03 11:10:00,2021-01-03 11:40:00,1,사고 ,일반국도3호선 자양동21613 잠실대교북단앞교차로 1차로 주의운전 교통사고 -,127.083895700989,37.535518176506
2021-01-03 11:11:00,1523,2021-01-03 11:07:02,2021-01-03 11:37:00,1,사고 ,여의대방로 보라매공원입구교차로 보라매두산위브 1차로 주의운전 차량고장 -,126.9169862,37.4975427
2021-01-03 11:11:30,1551,2021-01-03 11:06:02,2021-01-03 11:36:00,2,통제 ,일반국도6호선 금교 태진피싱 1차로 주의운전 공사 -,127.1856422,37.607986
2021-01-03 11:12:00,1561,2021-01-03 11:04:02,2021-01-03 18:00:00,0,공사 ,황고개길 시흥장현지구 경찰서앞교차로 1차로 주의운전 도로공사 -,126.78873883871,37.377231194484
2021-01-03 11:12:34,1581,2021-01-03 11:03:02,2021-01-03 18:00:00,0,공사 ,태봉길 콩툰만화카페안산중앙점 중앙역사거리 1차로 주의운전 도로공사 -,126.836764157595,37.3171280007629
2021-01-03 11:13:58,,2021-01-03 11:13:00,2021-01-03 11:43:00,1,사고 ,진주대로 전화국사거리 봉곡광장교차로 1차로 주의운전 차량고장 -,128.0788925,35.1964042
2021-01-03 11:15:25,,2021-01-03 11:15:00,2021-01-03 18:00:00,0,공사 ,고원통로 정자문교차로 고원통교 1차로 주의운전 시설물보수 -,128.2574418,38.1495187
2021-01-03 11:15:30,1588,2021-01-03 11:13:02,2021-01-03 11:43:00,1,사고 ,진주대로 전화국사거리 봉곡광장교차로 1차로 주의운전 차량고장 -,128.0788925,35.1964042
2021-01-03 11:15:43,,2021-01-03 11:15:00,2021-01-03 18:00:00,0,공사 ,진주대로 광미사거리 중앙광장교차로 1차로 주의운전 도로공사 -,128.0816187,35.192881
2021-01-03 11:16:00,1590,2021-01-03 11:10:02,2021-01-03 11:40:00,1,사고 ,일반국도3호선 자양동21613 잠실대교북단앞교차로 1차로 주의운전 교통사고 -,127.083895700989,37.535518176506
2021-01-03 11:16:19,,2021-01-03 11:16:00,2021-01-03 18:00:00,0,공사 ,을숙도대로 기동대입구교차로 사하경찰서사거리 1차로 주의운전 도로공사 -,128.9759653,35.0850079
2021-01-03 11:16:43,,2021-01-03 11:16:00,2021-01-03 15:00:00,0,공사 ,능동로 건대입구역앞교차로 어린이대공원역교차로 1차로 주의운전 도로공사 -,127.0729675,37.5448873
2021-01-03 11:20:31,,2021-01-03 11:20:00,2021-01-03 11:50:00,1,사고 ,강변북로 청담대교북측 청담대교 1차로 주의운전 차량고장 -,127.0693504,37.5364416
2021-01-03 11:20:49,,2021-01-03 11:20:00,2021-01-03 11:50:00,1,사고 ,영동고속도로 서창JC남측 월곶JC북측 1차로 0km(월곶JC방향) 주의운전 차량고장 -,126.7391405,37.4124692
2021-01-03 11:24:14,,2021-01-03 11:23:00,2021-01-03 11:53:00,2,통제 ,아나지로 서운중학교 부천 3,4차로 주의운전 공사 -,126.7534323,37.5253037
2021-01-03 11:25:31,1722,2021-01-03 11:20:02,2021-01-03 11:50:00,1,사고 ,영동고속도로 서창JC남측 월곶JC북측 1차로 0km(월곶JC방향) 주의운전 차량고장 -,126.7391405,37.4124692
2021-01-03 11:26:01,1725,2021-01-03 11:20:02,2021-01-03 11:50:00,1,사고 ,강변북로 청담대교북측 청담대교 1차로 주의운전 차량고장 -,127.0693504,37.5364416
2021-01-03 11:26:30,1753,2021-01-03 11:16:02,2021-01-03 15:00:00,0,공사 ,능동로 건대입구역앞교차로 어린이대공원역교차로 1차로 주의운전 도로공사 -,127.0729675,37.5448873
2021-01-03 11:48:01,,2021-01-03 11:47:00,2021-01-03 12:17:00,1,사고 ,경부고속도로 양재IC 서초IC 5차로 주의운전 교통사고 서울청,127.030399161597,37.4737531151816
2021-01-03 11:48:50,,2021-01-03 11:48:00,2021-01-03 18:00:00,0,공사 ,월드컵북로 경성고교입구교차로 성산2교앞교차로 3차로 주의운전 도로공사 -,126.912049234681,37.5650858316895
2021-01-03 11:50:31,2035,2021-01-03 11:47:02,2021-01-03 12:17:00,1,사고 ,경부고속도로 양재IC 서초IC 5차로 주의운전 교통사고 서울청,127.030399161597,37.4737531151816
2021-01-03 11:51:00,2037,2021-01-03 12:16:02,2021-01-03 12:16:00,1,사고 ,경부고속도로 양재IC 서초IC 5차로 주의운전 고장 차량 서울청,127.030376562527,37.4737801512965
2021-01-03 12:01:33,,2021-01-03 12:00:00,2021-01-03 18:00:00,0,공사 ,중앙고속도로 칠곡ic 다부ic 3차로 갓길 공사중 주의운전요망 도로공사 -,128.5508879,35.9586582
2021-01-03 12:07:00,,2021-01-03 12:06:00,2021-01-03 12:36:00,1,사고 ,일반국도7호선 역전삼거리 경주이주노동자센터 1차로 주의운전 교통사고 -,129.2173507,35.8444272
2021-01-03 12:10:30,2288,2021-01-03 12:06:02,2021-01-03 12:36:00,1,사고 ,일반국도7호선 역전삼거리 경주이주노동자센터 1차로 주의운전 교통사고 -,129.2173507,35.8444272
2021-01-03 12:11:00,2290,2021-01-03 12:00:02,2021-01-03 18:00:00,0,공사 ,중앙고속도로 칠곡ic 다부ic 3차로 갓길 공사중 주의운전요망 도로공사 -,128.5508879,35.9586582
2021-01-03 12:12:27,,2021-01-03 12:12:00,2021-01-03 18:00:00,0,공사 ,소곡1로 새길교회 안양씨엘포레자이아파트 1차로 주의운전 도로공사 -,126.9250503,37.3885381
2021-01-03 12:12:39,,2021-01-03 12:12:00,2021-01-03 18:00:00,0,공사 ,효우로 진월저수지BS앞 진월교차로 3차로 도로보수공사 도로공사 -,126.9037456,35.1124075
2021-01-03 12:15:31,2353,2021-01-03 12:12:02,2021-01-03 18:00:00,0,공사 ,효우로 진월저수지BS앞 진월교차로 3차로 도로보수공사 도로공사 -,126.9037456,35.1124075
2021-01-03 12:15:51,,2021-01-03 12:15:00,2021-01-03 12:45:00,1,사고 ,수리산로 새길교회 만안경찰서사거리 1차로 주의운전 교통사고 -,126.9268606,37.3869305
2021-01-03 12:16:01,2356,2021-01-03 12:12:02,2021-01-03 18:00:00,0,공사 ,소곡1로 새길교회 안양씨엘포레자이아파트 1차로 주의운전 도로공사 -,126.9250503,37.3885381
2021-01-03 12:18:52,,2021-01-03 10:00:00,2021-01-03 18:00:00,2,통제 ,부산항만공사 통제 부산항만공사 세관교차로 1차로 주의운전 공사 -,129.026120577816,35.0972445492553
2021-01-03 12:20:30,2419,2021-01-03 12:15:02,2021-01-03 12:45:00,1,사고 ,수리산로 새길교회 만안경찰서사거리 1차로 주의운전 교통사고 -,126.9268606,37.3869305
2021-01-03 12:22:04,,2021-01-03 12:21:00,2021-01-03 18:00:00,0,공사 ,도동길 신효천3길앞삼거리 행암교차로 1차로 효덕지하차도 보수공사 도로공사 -,126.878294122222,35.098306275
2021-01-03 12:22:55,,2021-01-03 12:22:00,2021-01-03 18:00:00,0,공사 ,경부고속도로 통도사IC 반구대로80 1차로 0km(방향) 주의운전 도로공사 -,129.0947142,35.5026118
2021-01-03 12:25:03,,2021-01-03 12:24:00,2021-01-03 18:00:00,0,공사 ,진부중앙로 진부농협중앙지점 하진부교차로 1차로 주의운전 도로공사 -,128.551944444444,37.6363888888889
2021-01-03 12:30:30,2544,2021-01-03 12:22:02,2021-01-03 18:00:00,0,공사 ,경부고속도로 통도사IC 반구대로80 1차로 0km(방향) 주의운전 도로공사 -,129.0947142,35.5026118
2021-01-03 12:31:00,2547,2021-01-03 12:21:02,2021-01-03 18:00:00,0,공사 ,도동길 신효천3길앞삼거리 행암교차로 1차로 효덕지하차도 보수공사 도로공사 -,126.878294122222,35.098306275
2021-01-03 12:47:38,,2021-01-03 12:47:00,2021-01-03 18:00:00,0,공사 ,통영대전고속도로 서상IC 육십령터널 2차로 0km(장수JC방향) 주의운전 도로공사 -,127.667222222222,35.6747222222222
2021-01-03 12:48:39,,2021-01-03 12:48:00,2021-01-03 13:18:00,1,사고 ,일반국도48호선 내부순환로입구 마포구청역교차로 1,2차로 주의운전 교통사고 -,126.902746045154,37.5625824186716
2021-01-03 12:49:36,,2021-01-03 12:48:00,2021-01-03 13:18:00,1,사고 ,중대로 광평교앞교차로 수서역 1차로 주의운행 교통사고 서울청,127.107923019368,37.4893312276404
2021-01-03 12:50:30,2796,2021-01-03 12:48:02,2021-01-03 13:18:00,1,사고 ,일반국도48호선 내부순환로입구 마포구청역교차로 1,2차로 주의운전 교통사고 -,126.902746045154,37.5625824186716
2021-01-03 12:51:00,2798,2021-01-03 12:47:02,2021-01-03 18:00:00,0,공사 ,통영대전고속도로 서상IC 육십령터널 2차로 0km(장수JC방향) 주의운전 도로공사 -,127.667222222222,35.6747222222222
2021-01-03 12:55:30,2862,2021-01-03 12:48:02,2021-01-03 13:18:00,1,사고 ,중대로 광평교앞교차로 수서역 1차로 주의운행 교통사고 서울청,127.107923019368,37.4893312276404
2021-01-03 12:56:36,,2021-01-03 12:56:00,2021-01-03 13:26:00,1,사고 ,일반국도30호선 성서경찰서교차로 성서네거리 4차로 후미정체 차량고장 -,128.507540977778,35.8517785444444
2021-01-03 13:00:31,2926,2021-01-03 12:56:02,2021-01-03 13:26:00,1,사고 ,일반국도30호선 성서경찰서교차로 성서네거리 4차로 후미정체 차량고장 -,128.507540977778,35.8517785444444
2021-01-03 13:04:01,,2021-01-03 13:03:00,2021-01-03 13:33:00,1,사고 ,성산로  내부순환로입구 마포구청역교차로 3차로  주의운전  교통사고 서울청,126.902435370511,37.5625083411258
2021-01-03 13:05:30,2986,2021-01-03 13:03:02,2021-01-03 13:33:00,1,사고 ,성산로  내부순환로입구 마포구청역교차로 3차로  주의운전  교통사고 서울청,126.902435370511,37.5625083411258
2021-01-03 13:06:40,,2021-01-03 13:06:00,2021-01-03 18:00:00,0,공사 ,항호길 안산대리구청 한양대입구교차로 1차로 주의운전 도로공사 -,126.8436434,37.3002096
2021-01-03 13:10:31,3050,2021-01-03 13:06:02,2021-01-03 18:00:00,0,공사 ,항호길 안산대리구청 한양대입구교차로 1차로 주의운전 도로공사 -,126.8436434,37.3002096
2021-01-03 13:11:28,,2021-01-03 13:10:00,2021-01-03 13:40:00,1,사고 ,대전당진고속도로  예산수덕사ic 고덕ic 1차로 주의운전 차량고장 -,126.7289113,36.7393825
2021-01-03 13:13:33,,2021-01-03 13:13:00,2021-01-03 13:43:00,1,사고 ,SK북한산시티아파트내부길 북한산시티아파트 순복음새서울교회 1차로 주의운전 차량고장 -,127.015676,37.6164989
2021-01-03 13:15:30,3113,2021-01-03 13:13:02,2021-01-03 13:43:00,1,사고 ,SK북한산시티아파트내부길 북한산시티아파트 순복음새서울교회 1차로 주의운전 차량고장 -,127.015676,37.6164989
2021-01-03 13:16:00,3116,2021-01-03 13:10:02,2021-01-03 13:40:00,1,사고 ,대전당진고속도로  예산수덕사ic 고덕ic 1차로 주의운전 차량고장 -,126.7289113,36.7393825
2021-01-03 13:20:21,,2021-01-03 13:19:00,2021-01-03 18:00:00,0,공사 ,일반국도28호선 우보삼거리 백양삼거리 진행방향 전체차로 도로선형 공사로 노견이 좁고 결빙되어 있으며 커브길로 인한 사고위험이 있으므로 감속운행 등 주의요망  도로공사 반대 차선 확인 요망,128.6642387,36.1954952
2021-01-03 13:25:23,,2021-01-03 13:24:00,2021-01-03 13:54:00,1,사고 ,일반국도28호선 백양삼거리 이화리1710 진행방향 전체차로 도로선형 공사로 노견이 좁고 결빙되어 있으며 커브길로 인한 사고위험이 있으므로 감속운행 등 주의요망  교통사고 반대 차선 확인 요망,128.6675646,36.1903373
2021-01-03 13:26:33,,2021-01-03 13:26:00,2021-01-03 13:56:00,1,사고 ,일반국도77호선 제물진두순교성지 인천역사거리 2차로 1개차선통제중  차량고장 -,126.619864,37.472355
2021-01-03 13:28:07,,2021-01-03 13:27:00,2021-01-03 13:57:00,1,사고 ,통일로 은평구서대문구 대림목공소 3차로 주의운전 차량고장 -,126.938805041667,37.5968586155612
2021-01-03 13:28:13,,2021-01-03 13:28:00,2021-01-03 13:58:00,1,사고 ,도봉로 수유치과의원 국민은행수유지점 3차로 주의운전 교통사고 -,127.024166666667,37.6319444444444
2021-01-03 13:28:38,,2021-01-03 13:28:00,2021-01-03 13:58:00,1,사고 ,가재울미래로 가재울사거리 DMC파크뷰APT 2차로 주의운전 차량고장 -,126.91588,37.5738203
2021-01-03 13:28:55,,2021-01-03 13:28:00,2021-01-03 18:00:00,0,공사 ,청능대로 레이캅코리아주식회사 호구포길사거리 3차로 주의운전 도로공사 -,126.7093339,37.3990638
2021-01-03 13:30:26,,2021-01-03 13:30:00,2021-01-03 18:00:00,0,공사 ,일반국도3호선 현대자동차 중화장미아파트 1차로 주의운전 도로공사 -,127.0789665,37.6045761
2021-01-03 13:30:30,3305,2021-01-03 13:28:02,2021-01-03 13:58:00,1,사고 ,가재울미래로 가재울사거리 DMC파크뷰APT 2차로 주의운전 차량고장 -,126.91588,37.5738203
2021-01-03 13:31:00,3307,2021-01-03 13:28:02,2021-01-03 13:58:00,1,사고 ,도봉로 수유치과의원 국민은행수유지점 3차로 주의운전 교통사고 -,127.024166666667,37.6319444444444
2021-01-03 13:31:07,,2021-01-03 13:30:00,2021-01-03 18:00:00,0,공사 ,월하로 귀전리사거리 청원순대국 1차로 하성 도시가스 공사로 인한 차로감소로 서행  도로공사 -,126.6122377,37.7118161
2021-01-03 13:31:18,,2021-01-03 13:31:00,2021-01-03 18:00:00,0,공사 ,일반국도32호선 산403 갑동산403 3차로 주의운전 도로공사 -,127.2747363,36.3607944
2021-01-03 13:31:30,3334,2021-01-03 13:27:02,2021-01-03 13:57:00,1,사고 ,통일로 은평구서대문구 대림목공소 3차로 주의운전 차량고장 -,126.938805041667,37.5968586155612
2021-01-03 13:31:34,,2021-01-03 13:31:00,2021-01-03 18:00:00,0,공사 ,한천로 휘경여중고앞교차로 휘경빗물펌프장 3차로 주의운전 도로공사 -,127.0684931,37.5883429
2021-01-03 13:31:47,,2021-01-03 13:31:00,2021-01-03 18:00:00,0,공사 ,논현고잔로 논현2동행정복지센터 논현라온어린이집 2차로 주의운전 도로공사 -,126.7142963,37.4020531
2021-01-03 13:32:01,3342,2021-01-03 13:26:02,2021-01-03 13:56:00,1,사고 ,일반국도77호선 제물진두순교성지 인천역사거리 2차로 1개차선통제중  차량고장 -,126.619864,37.472355
2021-01-03 13:32:30,3364,2021-01-03 13:24:02,2021-01-03 13:54:00,2,,,128.6675646,36.1903373
2021-01-03 13:36:22,,2021-01-03 13:36:00,2021-01-03 14:06:00,1,사고 ,중부고속도로 하남JC동측 동서울만남휴게소 1차로 주의운전 교통사고 -,127.2063126,37.5308752
2021-01-03 13:37:18,,2021-01-03 13:37:00,2021-01-03 14:07:00,1,사고 ,안암로 고대앞사거리 안암로164 1차로 주의운전 교통사고 -,127.034245,37.5876445
2021-01-03 13:37:25,,2021-01-03 13:37:00,2021-01-03 14:07:00,1,사고 ,비류대로 길마산사거리 새진주택 1차로 주의운전 교통사고 -,126.6932777,37.4230732
2021-01-03 13:38:36,,2021-01-03 13:38:00,2021-01-03 14:08:00,1,사고 ,남해제2고속도로지선 서부산TG 교량 3,4차로 주의운전 차량고장 -,128.8274353,35.1771499
2021-01-03 13:39:09,,2021-01-03 13:38:00,2021-01-03 18:00:00,0,공사 ,길주로 삼산체육관 신복사거리 2차로 주의운전 도로공사 -,126.7289113,37.4984867
2021-01-03 13:39:20,,2021-01-03 13:38:00,2021-01-03 14:08:00,2,통제 ,동서고가로 문전교차로 황령터널입구 1차로 차량 증가로 차선유도 라바콘설치 공사 -,129.0681615,35.1502477
2021-01-03 13:39:37,,2021-01-03 13:39:00,2021-01-03 18:00:00,0,공사 ,김해대로 전하교교차로 김해도서관 방향 진행방향 전체차로 주의운전 도로공사 -,128.8752966,35.22633
2021-01-03 13:40:28,,2021-01-03 13:40:00,2021-01-03 18:00:00,0,공사 ,일반국도2호선 대티터널동측 서대신사거리 1차로 주의운전 도로공사 -,129.011202972222,35.110016
2021-01-03 13:40:30,3441,2021-01-03 13:38:02,2021-01-03 14:08:00,1,사고 ,남해제2고속도로지선 서부산TG 교량 3,4차로 주의운전 차량고장 -,128.8274353,35.1771499
2021-01-03 13:41:00,3445,2021-01-03 13:37:02,2021-01-03 14:07:00,1,사고 ,비류대로 길마산사거리 새진주택 1차로 주의운전 교통사고 -,126.6932777,37.4230732
2021-01-03 13:41:30,3472,2021-01-03 13:37:02,2021-01-03 14:07:00,1,사고 ,안암로 고대앞사거리 안암로164 1차로 주의운전 교통사고 -,127.034245,37.5876445
2021-01-03 13:41:39,,2021-01-03 13:41:00,2021-01-03 18:00:00,0,공사 ,제2경인고속도로 남동IC 남촌동51035 1차로 주의운전 도로공사 -,126.7060736,37.4289408
2021-01-03 13:42:00,3483,2021-01-03 13:36:02,2021-01-03 14:06:00,1,사고 ,중부고속도로 하남JC동측 동서울만남휴게소 1차로 주의운전 교통사고 -,127.2063126,37.5308752
2021-01-03 13:42:31,3501,2021-01-03 13:35:02,2021-01-03 14:05:00,1,사고 ,중부고속도로 하남JC동측 동서울만남휴게소 1차로 주의운전 교통사고 -,127.2062272,37.5304854
2021-01-03 13:45:47,,2021-01-03 13:45:00,2021-01-03 18:00:00,0,공사 ,원당대로 검단2교차로 안동포사거리 1차로 주의운전 도로공사 -,126.651224099722,37.5903516997222
2021-01-03 13:46:06,,2021-01-03 13:46:00,2021-01-03 18:00:00,0,공사 ,동남로 올림픽훼밀리타운앞교차로 문정로데오3거리 1차로 주의운전 도로공사 -,127.121924,37.4877256
2021-01-03 13:50:50,,2021-01-03 13:50:00,2021-01-03 14:20:00,1,사고 ,일반국도77호선 성동IC북측 오금교 1차로 주의운전 차량고장 -,126.6845375,37.8030909
2021-01-03 13:53:04,,2021-01-03 13:52:00,2021-01-03 14:22:00,2,통제 ,녹산산업대로 엔케이중공업 창원산업 1차로 주의운전 공사 -,128.8315939,35.0913303
2021-01-03 13:54:36,,2021-01-03 13:54:00,2021-01-03 18:00:00,0,공사 ,주부토로 부평북초교 작전고가 2차로 주의운전 도로공사 -,126.732651,37.517667
2021-01-03 13:55:30,3641,2021-01-03 13:50:02,2021-01-03 14:20:00,1,사고 ,일반국도77호선 성동IC북측 오금교 1차로 주의운전 차량고장 -,126.6845375,37.8030909
2021-01-03 13:56:00,3644,2021-01-03 13:46:02,2021-01-03 18:00:00,0,공사 ,동남로 올림픽훼밀리타운앞교차로 문정로데오3거리 1차로 주의운전 도로공사 -,127.121924,37.4877256
2021-01-03 13:56:58,,2021-01-03 13:55:00,2021-01-03 14:25:00,1,사고 ,내부순환도로 연희램프  성산램프  3차로 지체 주의운전  교통사고 서울청,126.912991365102,37.5660102044298
2021-01-03 13:57:24,,2021-01-03 13:57:00,2021-01-03 18:00:00,0,공사 ,일반국도40호선 판미로313 구수마을 1차로 주의운전 도로공사 -,126.5684793,36.4247543997222
2021-01-03 13:59:27,,2021-01-03 13:59:00,2021-01-03 18:00:00,0,공사 ,제2순환로 신창호반베르디움5차아파트 산월IC 1차로 주의운전 도로공사 -,126.838472972222,35.201599
2021-01-03 14:00:30,3709,2021-01-03 13:55:02,2021-01-03 14:25:00,1,사고 ,내부순환도로 연희램프  성산램프  3차로 지체 주의운전  교통사고 서울청,126.912991365102,37.5660102044298
2021-01-03 14:00:33,,2021-01-03 14:00:00,2021-01-03 18:00:00,0,공사 ,인수봉로 창택약국 인수봉길쌈지마당길진 2차로 주의운전 도로공사 -,127.013055555556,37.6294444444444
2021-01-03 14:01:00,3713,2021-01-03 13:54:02,2021-01-03 18:00:00,0,공사 ,주부토로 부평북초교 작전고가 2차로 주의운전 도로공사 -,126.732651,37.517667
2021-01-03 14:01:04,,2021-01-03 14:00:00,2021-01-03 18:00:00,0,공사 ,일반국도30호선 칠보교 복호삼거리 1차로 시산회전교차로공사 도로공사 -,127.002795,35.597933
2021-01-03 14:01:30,3734,2021-01-03 13:52:02,2021-01-03 14:22:00,2,통제 ,녹산산업대로 엔케이중공업 창원산업 1차로 주의운전 공사 -,128.8315939,35.0913303
2021-01-03 14:02:23,,2021-01-03 14:02:00,2021-01-03 14:32:00,1,사고 ,관악로 관악구청앞교차로 서울여상 3차로 주의운전 구조작업 -,126.952478499722,37.4765332997222
2021-01-03 14:04:40,,2021-01-03 14:04:00,2021-01-03 18:00:00,0,공사 ,광장로 사상교차로 사상역 1차로 주의운전 도로공사 -,128.9857877,35.1617823
2021-01-03 14:05:31,3776,2021-01-03 14:02:02,2021-01-03 14:32:00,1,사고 ,관악로 관악구청앞교차로 서울여상 3차로 주의운전 구조작업 -,126.952478499722,37.4765332997222
2021-01-03 14:05:42,,2021-01-03 14:05:00,2021-01-03 18:00:00,0,공사 ,일반국도7호선 노포교 노포삼거리 1차로 주의운전 도로공사 -,129.095833333333,35.2872222222222
2021-01-03 14:06:01,3779,2021-01-03 14:00:02,2021-01-03 18:00:00,0,공사 ,일반국도30호선 칠보교 복호삼거리 1차로 시산회전교차로공사 도로공사 -,127.002795,35.597933
2021-01-03 14:06:31,3802,2021-01-03 14:00:02,2021-01-03 18:00:00,0,공사 ,인수봉로 창택약국 인수봉길쌈지마당길진 2차로 주의운전 도로공사 -,127.013055555556,37.6294444444444
2021-01-03 14:07:01,3814,2021-01-03 13:59:02,2021-01-03 18:00:00,0,공사 ,제2순환로 신창호반베르디움5차아파트 산월IC 1차로 주의운전 도로공사 -,126.838472972222,35.201599
2021-01-03 14:08:21,,2021-01-03 14:07:00,2021-01-03 14:37:00,1,사고 ,성안로 교량북측 경찰청후문사거리 1차로 중앙분리대 사고 교통사고 -,129.3144746,35.5703819
2021-01-03 14:08:37,,2021-01-03 14:07:00,2021-01-03 18:00:00,0,공사 ,부평북로 삼산고등학교 농산물시장 1차로 주의운전 도로공사 -,126.7490519,37.5165087
2021-01-03 14:10:30,3844,2021-01-03 14:07:02,2021-01-03 14:37:00,1,사고 ,성안로 교량북측 경찰청후문사거리 1차로 중앙분리대 사고 교통사고 -,129.3144746,35.5703819
2021-01-03 14:11:00,3847,2021-01-03 14:05:02,2021-01-03 18:00:00,0,공사 ,일반국도7호선 노포교 노포삼거리 1차로 주의운전 도로공사 -,129.095833333333,35.2872222222222
2021-01-03 14:11:30,3872,2021-01-03 14:04:02,2021-01-03 18:00:00,0,공사 ,광장로 사상교차로 사상역 1차로 주의운전 도로공사 -,128.9857877,35.1617823
2021-01-03 14:16:40,,2021-01-03 14:16:00,2021-01-03 18:00:00,0,공사 ,일반국도58호선 봉림삼거리 대한철강 2차로 주의운전 도로공사 -,128.8484,35.343023
2021-01-03 14:16:51,,2021-01-03 14:16:00,2021-01-03 18:00:00,0,공사 ,하남산단중앙로 하남동우체국 산단4번로삼거리 1차로 주의운전 도로공사 -,126.8072925,35.1910192
2021-01-03 14:16:52,,2021-01-03 14:15:00,2021-01-03 18:00:00,0,공사 ,마장로 신촌사거리 원적사거리 진행방향 전체차로 주의운전 시설물보수 -,126.70749,37.4733283
2021-01-03 14:18:23,,2021-01-03 14:18:00,2021-01-03 14:48:00,1,사고 ,휘경로 외대앞역지하차도서측 외국어대앞교차로 1차로 주의운전 교통사고 -,127.0604178,37.5964792
2021-01-03 14:18:24,,2021-01-03 14:47:00,2021-01-03 14:47:00,1,사고 ,동부간선도로 창동교  상계교  2차로 주의운전  교통사고 -,127.054968381838,37.6555967928167
2021-01-03 14:19:40,,2021-01-03 14:18:00,2021-01-03 14:48:00,1,사고 ,동부간선도로 창동교  상계교  2차로 주의운전  고장 차량 서울청,127.054793118501,37.656128453835
2021-01-03 14:20:30,3970,2021-01-03 14:47:02,2021-01-03 14:47:00,1,사고 ,동부간선도로 창동교  상계교  2차로 주의운전  교통사고 -,127.054968381838,37.6555967928167
2021-01-03 14:21:00,3973,2021-01-03 14:18:02,2021-01-03 14:48:00,1,사고 ,휘경로 외대앞역지하차도서측 외국어대앞교차로 1차로 주의운전 교통사고 -,127.0604178,37.5964792
2021-01-03 14:21:18,,2021-01-03 14:20:00,2021-01-03 18:00:00,0,공사 ,분당수서간도시고속화도로(상판) 늘푸른고등학교 잡월드사거리 3차로 주의운전 도로공사 -,127.1044737,37.374209
2021-01-03 14:21:30,4000,2021-01-03 14:15:02,2021-01-03 18:00:00,0,공사 ,마장로 신촌사거리 원적사거리 진행방향 전체차로 주의운전 시설물보수 -,126.70749,37.4733283
2021-01-03 14:22:00,4012,2021-01-03 14:16:02,2021-01-03 18:00:00,0,공사 ,하남산단중앙로 하남동우체국 산단4번로삼거리 1차로 주의운전 도로공사 -,126.8072925,35.1910192
2021-01-03 14:22:31,4030,2021-01-03 14:16:02,2021-01-03 18:00:00,0,공사 ,일반국도58호선 봉림삼거리 대한철강 2차로 주의운전 도로공사 -,128.8484,35.343023
2021-01-03 14:23:25,,2021-01-03 14:20:00,2021-01-03 14:50:00,1,사고 ,센텀중앙로 KNN에서 센텀시티역 방향 3차로 주의운전 차량고장 -,129.1302932,35.1682374
2021-01-03 14:25:30,4039,2021-01-03 14:20:02,2021-01-03 14:50:00,1,사고 ,센텀중앙로 KNN에서 센텀시티역 방향 3차로 주의운전 차량고장 -,129.1302932,35.1682374
2021-01-03 14:26:00,4041,2021-01-03 14:20:02,2021-01-03 18:00:00,0,공사 ,분당수서간도시고속화도로(상판) 늘푸른고등학교 잡월드사거리 3차로 주의운전 도로공사 -,127.1044737,37.374209
2021-01-03 14:26:05,,2021-01-03 14:25:00,2021-01-03 14:55:00,1,사고 ,올림픽대로 영동대교  성수대교  4차로 주의운전  고장 차량 서울청,127.052878060234,37.5283146142899
2021-01-03 14:26:30,4065,2021-01-03 14:18:02,2021-01-03 14:48:00,1,사고 ,동부간선도로 창동교  상계교  2차로 주의운전  고장 차량 서울청,127.054793118501,37.656128453835
2021-01-03 14:26:53,,2021-01-03 14:26:00,2021-01-03 14:56:00,1,사고 ,김포한강로 개화IC 개화IC 1차로 주의운전 차량고장 -,126.8072242,37.5902477
2021-01-03 14:29:33,,2021-01-03 14:29:00,2021-01-03 14:59:00,1,사고 ,올림픽대로 명성인테리어 강서안내센터 1차로 주의운전 차량고장 -,126.8169257,37.5859741
2021-01-03 14:30:30,4103,2021-01-03 14:26:02,2021-01-03 14:56:00,1,사고 ,김포한강로 개화IC 개화IC 1차로 주의운전 차량고장 -,126.8072242,37.5902477
2021-01-03 14:31:00,4106,2021-01-03 14:25:02,2021-01-03 14:55:00,1,사고 ,올림픽대로 영동대교  성수대교  4차로 주의운전  고장 차량 서울청,127.052878060234,37.5283146142899
2021-01-03 14:32:46,,2021-01-03 14:32:00,2021-01-03 18:00:00,0,공사 ,이문로 시조사삼거리 회기역앞교차로 3차로 주의운전 도로공사 -,127.055053636471,37.5893288348585
2021-01-03 14:35:30,4170,2021-01-03 14:29:02,2021-01-03 14:59:00,1,사고 ,올림픽대로 명성인테리어 강서안내센터 1차로 주의운전 차량고장 -,126.8169257,37.5859741
2021-01-03 14:35:43,,2021-01-03 14:35:00,2021-01-03 15:05:00,1,사고 ,장신로 수완지구대앞 신창지하차도사거리 3차로 주의운전 교통사고 -,126.8318035,35.1903846
2021-01-03 14:36:37,,2021-01-03 14:36:00,2021-01-03 15:06:00,1,사고 ,고려대로24길 안암오거리 안암역앞교차로 1차로 주의운전 교통사고 -,127.0295905,37.5831358
2021-01-03 14:37:21,,2021-01-03 14:37:00,2021-01-03 15:07:00,1,사고 ,고하대로 산정교차로 산정교차로 1차로 주의운전 교통사고 -,126.3922893,34.8293961
2021-01-03 14:38:58,,2021-01-03 14:38:00,2021-01-03 15:08:00,1,사고 ,광장로 정보통신공제조합인천지점 에이스네스트빌 1차로 주의운전 차량고장 -,126.706588062478,37.4531182305181
2021-01-03 14:40:30,4232,2021-01-03 14:38:02,2021-01-03 15:08:00,1,사고 ,광장로 정보통신공제조합인천지점 에이스네스트빌 1차로 주의운전 차량고장 -,126.706588062478,37.4531182305181
2021-01-03 14:40:56,,2021-01-03 14:40:00,2021-01-03 15:10:00,2,기상 ,새만금포항고속도로 도평터널 백안터널 1차로 5km(청통와촌IC방향) 주의운전 강풍 -,128.6936017,35.9398204
2021-01-03 14:41:00,4235,2021-01-03 14:37:02,2021-01-03 15:07:00,1,사고 ,고하대로 산정교차로 산정교차로 1차로 주의운전 교통사고 -,126.3922893,34.8293961
2021-01-03 14:41:30,4260,2021-01-03 14:36:02,2021-01-03 15:06:00,1,사고 ,고려대로24길 안암오거리 안암역앞교차로 1차로 주의운전 교통사고 -,127.0295905,37.5831358
2021-01-03 14:41:46,,2021-01-03 14:41:00,2021-01-03 18:00:00,0,공사 ,일반국도33호선 합천교차로 대양 1차로 주의운전 도로공사 -,128.1719916,35.5304655
2021-01-03 14:42:00,4266,2021-01-03 14:35:02,2021-01-03 15:05:00,1,사고 ,장신로 수완지구대앞 신창지하차도사거리 3차로 주의운전 교통사고 -,126.8318035,35.1903846
2021-01-03 14:42:01,,2021-01-03 14:41:00,2021-01-03 18:00:00,0,공사 ,헌릉로 쌍용자동차위례영업소 CU성남위례점 1차로 주의운전 도로공사 -,127.132671855439,37.4669326690297
2021-01-03 14:42:11,,2021-01-03 14:41:00,2021-01-03 15:11:00,2,기상 ,경부고속도로 112km 경산IC 평사휴게소 1차로 0km(경산IC방향) 맑음, 바람 조금 기상 -,128.8020759,35.8762527
2021-01-03 14:42:30,4288,2021-01-03 14:32:02,2021-01-03 18:00:00,0,공사 ,이문로 시조사삼거리 회기역앞교차로 3차로 주의운전 도로공사 -,127.055053636471,37.5893288348585
2021-01-03 14:45:35,,2021-01-03 14:45:00,2021-01-03 14:46:00,1,사고 ,월곡로 월곡역입구 사대부고앞교차로 1차로 주의운전 교통사고,127.040330838016,37.6002303277082
2021-01-03 14:45:35,,2021-01-03 14:45:00,2021-01-03 15:15:00,1,사고 ,보국문로 정릉입구교차로 국민은행정릉 2차로 주의운전 교통사고 -,127.0102973,37.6076107
2021-01-03 14:45:40,,2021-01-03 14:45:00,2021-01-03 15:15:00,2,기상 ,경부고속도로210k상 교량북측 교량남측 1차로 0km(추풍령IC방향) 주의운전 강풍 -,128.0096254,36.1843631
2021-01-03 14:48:59,,2021-01-03 14:48:00,2021-01-03 18:00:00,0,공사 ,일반국도43호선 가시골입구 산곡동4862 1차로 주의운전 도로공사 -,127.1038571,37.7160553
2021-01-03 14:49:07,,2021-01-03 14:49:00,2021-01-03 15:19:00,1,사고 ,비류대로 비류대로885 주적골삼거리 1차로 주의운전 교통사고 -,126.7352074,37.4205957
2021-01-03 14:50:31,4357,2021-01-03 14:49:02,2021-01-03 15:19:00,1,사고 ,비류대로 비류대로885 주적골삼거리 1차로 주의운전 교통사고 -,126.7352074,37.4205957
2021-01-03 14:51:01,4359,2021-01-03 14:48:02,2021-01-03 18:00:00,0,공사 ,일반국도43호선 가시골입구 산곡동4862 1차로 주의운전 도로공사 -,127.1038571,37.7160553
2021-01-03 14:51:31,4381,2021-01-03 14:45:02,2021-01-03 15:15:00,2,기상 ,경부고속도로210k상 교량북측 교량남측 1차로 0km(추풍령IC방향) 주의운전 강풍 -,128.0096254,36.1843631
2021-01-03 14:52:01,4391,2021-01-03 14:45:02,2021-01-03 14:46:00,1,사고 ,월곡로 월곡역입구 사대부고앞교차로 1차로 주의운전 교통사고,127.040330838016,37.6002303277082
2021-01-03 14:53:09,,2021-01-03 14:53:00,2021-01-03 15:23:00,1,사고 ,덕릉로 제세의원 수유사거리 2차로 주의운전 교통사고 -,127.021666666667,37.6344444444444
2021-01-03 14:55:31,32,2021-01-03 14:53:02,2021-01-03 15:23:00,1,사고 ,덕릉로 제세의원 수유사거리 2차로 주의운전 교통사고 -,127.021666666667,37.6344444444444
2021-01-03 14:55:54,,2021-01-03 14:55:00,2021-01-03 15:25:00,2,통제 ,지봉로 농협사거리 부천역곡이마트 1차로 주의운전 공사 -,126.8109043,37.4882092
2021-01-03 14:56:05,,2021-01-03 14:56:00,2021-01-03 18:00:00,0,공사 ,산곡로 고산초등학교앞 세석교 1차로 주의운전 도로공사 -,127.1073478,37.7308706
2021-01-03 14:56:49,,2021-01-03 14:56:00,2021-01-03 15:26:00,1,사고 ,권광로 동화나라어린이집 우만사거리 1차로 주의운전 교통사고 -,127.0378117,37.276459
2021-01-03 14:57:25,,2021-01-03 14:57:00,2021-01-03 15:27:00,2,통제 ,매소홀로 남부서사거리 교통방송사거리 1차로 주의운전 행사 -,126.6536138,37.4453014
2021-01-03 14:57:39,,2021-01-03 14:57:00,2021-01-03 15:27:00,1,사고 ,불광로 불광역사거리 불광역6번출구 1차로 주의운전 교통사고 -,126.9293555,37.6109504
2021-01-03 14:57:55,,2021-01-03 14:57:00,2021-01-03 15:27:00,1,사고 ,오리로 오류고가차도북측 오류고가차도남측 1차로 주의운전 교통사고 -,126.8301865,37.4912216
2021-01-03 14:58:03,,2021-01-03 14:56:00,2021-01-03 18:00:00,0,공사 ,소랑길 계룡디지털고교(동부장로교회)네거리 소제 동광장방향 1차로 도로공사중 우회 도로공사 -,127.434595838889,36.3385717472222
2021-01-03 14:58:10,,2021-01-03 14:58:00,2021-01-03 15:28:00,1,사고 ,일반국도4호선 제1치수교앞네거리 옥천로71 1차로 주의운전 교통사고 -,127.442361599722,36.3224343997222
2021-01-03 15:00:30,97,2021-01-03 14:58:02,2021-01-03 15:28:00,1,사고 ,일반국도4호선 제1치수교앞네거리 옥천로71 1차로 주의운전 교통사고 -,127.442361599722,36.3224343997222
2021-01-03 15:00:46,,2021-01-03 15:00:00,2021-01-03 18:00:00,0,공사 ,교서로 기단건축 영동183 1차로 주의운전 도로공사 -,127.4838516,36.6451789
2021-01-03 15:00:56,,2021-01-03 15:00:00,2021-01-03 15:30:00,1,사고 ,디지털로31길 한국인력관리공단 디지털1단지교차로 1차로 주의운전 교통사고 -,126.8949192,37.4846922
2021-01-03 15:01:00,101,2021-01-03 14:56:02,2021-01-03 18:00:00,0,공사 ,소랑길 계룡디지털고교(동부장로교회)네거리 소제 동광장방향 1차로 도로공사중 우회 도로공사 -,127.434595838889,36.3385717472222
2021-01-03 15:01:30,125,2021-01-03 14:57:02,2021-01-03 15:27:00,1,사고 ,오리로 오류고가차도북측 오류고가차도남측 1차로 주의운전 교통사고 -,126.8301865,37.4912216
2021-01-03 15:02:00,135,2021-01-03 14:57:02,2021-01-03 15:27:00,1,사고 ,불광로 불광역사거리 불광역6번출구 1차로 주의운전 교통사고 -,126.9293555,37.6109504
2021-01-03 15:02:30,152,2021-01-03 14:57:02,2021-01-03 15:27:00,2,통제 ,매소홀로 남부서사거리 교통방송사거리 1차로 주의운전 행사 -,126.6536138,37.4453014
2021-01-03 15:03:00,154,2021-01-03 14:56:02,2021-01-03 15:26:00,1,사고 ,권광로 동화나라어린이집 우만사거리 1차로 주의운전 교통사고 -,127.0378117,37.276459
2021-01-03 15:03:30,156,2021-01-03 14:56:02,2021-01-03 18:00:00,0,공사 ,산곡로 고산초등학교앞 세석교 1차로 주의운전 도로공사 -,127.1073478,37.7308706
2021-01-03 15:04:00,159,2021-01-03 14:55:02,2021-01-03 15:25:00,2,통제 ,지봉로 농협사거리 부천역곡이마트 1차로 주의운전 공사 -,126.8109043,37.4882092
2021-01-03 15:05:31,168,2021-01-03 15:00:02,2021-01-03 15:30:00,1,사고 ,디지털로31길 한국인력관리공단 디지털1단지교차로 1차로 주의운전 교통사고 -,126.8949192,37.4846922
2021-01-03 15:06:01,170,2021-01-03 15:00:02,2021-01-03 18:00:00,0,공사 ,교서로 기단건축 영동183 1차로 주의운전 도로공사 -,127.4838516,36.6451789
2021-01-03 15:13:38,,2021-01-03 15:13:00,2021-01-03 18:00:00,0,공사 ,경부고속도로180k하 김천시구미시 선주교북측 1차로 0km(김천분기점방향) 주의운전 시설물보수 -,128.2950125,36.1457242
2021-01-03 15:16:41,,2021-01-03 15:15:00,2021-01-03 15:45:00,1,사고 ,남해고속도로 진주IC 문산IC 1차로 74kkm(문산IC방향) 진주출구  고장차량 차량고장 -,128.1390235,35.1659771
2021-01-03 15:17:20,,2021-01-03 15:17:00,2021-01-03 15:47:00,1,사고 ,정각로 중앙도서관삼거리 자유한국당인천시당 1차로 주의운전 차량고장 -,126.702769125718,37.4550855693687
2021-01-03 15:18:23,,2021-01-03 15:18:00,2021-01-03 18:00:00,0,공사 ,신림로 신본교 문화교 1차로 주의운전 도로공사 -,126.9339137,37.4779953997222
2021-01-03 15:20:26,,2021-01-03 15:20:00,2021-01-03 18:00:00,0,공사 ,충의로 탑석사거리 용현현대아파트앞 1차로 주의운전 시설물보수 -,127.0888452,37.7326479
2021-01-03 15:20:30,361,2021-01-03 15:17:02,2021-01-03 15:47:00,1,사고 ,정각로 중앙도서관삼거리 자유한국당인천시당 1차로 주의운전 차량고장 -,126.702769125718,37.4550855693687
2021-01-03 15:20:35,,2021-01-03 15:20:00,2021-01-03 15:50:00,1,사고 ,월문천로 월문교사거리 미니스톱월문제일점 1차로 주의운전 차량고장 -,127.2377855,37.5976198
2021-01-03 15:20:50,,2021-01-03 15:20:00,2021-01-03 18:00:00,0,공사 ,평천로 청수사거리 나비공원입구사거리 2차로 주의운전 도로공사 -,126.6999367,37.5210574
2021-01-03 15:21:00,364,2021-01-03 15:15:02,2021-01-03 15:45:00,1,사고 ,남해고속도로 진주IC 문산IC 1차로 74kkm(문산IC방향) 진주출구  고장차량 차량고장 -,128.1390235,35.1659771
2021-01-03 15:21:15,,2021-01-03 15:20:00,2021-01-03 15:50:00,1,사고 ,평택제천고속국도 23km 서안성IC 송탄 1차로 주의운전 차량고장 -,127.1610098,37.0361667
2021-01-03 15:21:30,388,2021-01-03 15:13:02,2021-01-03 18:00:00,0,공사 ,경부고속도로180k하 김천시구미시 선주교북측 1차로 0km(김천분기점방향) 주의운전 시설물보수 -,128.2950125,36.1457242
2021-01-03 15:22:11,,2021-01-03 15:21:00,2021-01-03 18:00:00,0,공사 ,경원대로 신촌사거리 부평공원사거리 진행방향 전체차로 주의운전 시설물보수 -,126.7000229,37.5209365
2021-01-03 15:22:33,,2021-01-03 15:22:00,2021-01-03 18:00:00,0,공사 ,봉래길 동삼교회앞삼거리 KT동삼사옥 1차로 주의운전 도로공사 -,129.0745931,35.0733006
2021-01-03 15:23:52,,2021-01-03 09:00:00,2021-01-03 18:00:00,0,공사 ,공단4길 은천철강상사 더모닝 1차로 차량 서행 운행 도로공사 -,127.4136906,36.3742392
2021-01-03 15:25:30,,2021-01-03 15:25:00,2021-01-03 15:55:00,1,사고 ,일반국도6호선 양화교앞교차로 태진빌딩 4차로 주의운전 교통사고 -,126.8772622,37.5471632
2021-01-03 15:25:31,429,2021-01-03 15:20:02,2021-01-03 15:50:00,1,사고 ,평택제천고속국도 23km 서안성IC 송탄 1차로 주의운전 차량고장 -,127.1610098,37.0361667
2021-01-03 15:25:44,,2021-01-03 15:25:00,2021-01-03 18:00:00,0,공사 ,경부고속도로180k상 선주교북측 김천시구미시 1차로 0km(동김천IC방향) 주의운전 시설물보수 -,128.2997204,36.1441727
2021-01-03 15:26:01,432,2021-01-03 15:20:02,2021-01-03 18:00:00,0,공사 ,평천로 청수사거리 나비공원입구사거리 2차로 주의운전 도로공사 -,126.6999367,37.5210574
2021-01-03 15:26:30,,2021-01-03 15:25:00,2021-01-03 23:59:00,0,공사 ,일반국도37호선 세종대교 남단 현암교차로 1차로 주의운전 도로공사 -,127.6170333,37.2998905
2021-01-03 15:26:31,457,2021-01-03 15:20:02,2021-01-03 15:50:00,1,사고 ,월문천로 월문교사거리 미니스톱월문제일점 1차로 주의운전 차량고장 -,127.2377855,37.5976198
2021-01-03 15:27:01,470,2021-01-03 15:20:02,2021-01-03 18:00:00,0,공사 ,충의로 탑석사거리 용현현대아파트앞 1차로 주의운전 시설물보수 -,127.0888452,37.7326479
2021-01-03 15:27:34,491,2021-01-03 15:18:02,2021-01-03 18:00:00,0,공사 ,신림로 신본교 문화교 1차로 주의운전 도로공사 -,126.9339137,37.4779953997222
2021-01-03 15:29:00,,2021-01-03 15:28:00,2021-01-03 15:58:00,1,사고 ,일반국도1호선 터미널사거리 현대삼우주유소 1차로 주의운전 교통사고 -,127.0171659,37.2435932
2021-01-03 15:30:30,499,2021-01-03 15:28:02,2021-01-03 15:58:00,1,사고 ,일반국도1호선 터미널사거리 현대삼우주유소 1차로 주의운전 교통사고 -,127.0171659,37.2435932
2021-01-03 15:31:00,503,2021-01-03 15:25:02,2021-01-03 23:59:00,0,공사 ,일반국도37호선 세종대교 남단 현암교차로 1차로 주의운전 도로공사 -,127.6170333,37.2998905
2021-01-03 15:31:28,,2021-01-03 15:31:00,2021-01-03 16:01:00,1,사고 ,개봉로20길 개봉역 개봉고가차도 1차로 주의운전 교통사고 -,126.8570537,37.4936006
2021-01-03 15:31:30,528,2021-01-03 15:25:02,2021-01-03 18:00:00,0,공사 ,경부고속도로180k상 선주교북측 김천시구미시 1차로 0km(동김천IC방향) 주의운전 시설물보수 -,128.2997204,36.1441727
2021-01-03 15:32:00,541,2021-01-03 15:25:02,2021-01-03 15:55:00,1,사고 ,일반국도6호선 양화교앞교차로 태진빌딩 4차로 주의운전 교통사고 -,126.8772622,37.5471632
2021-01-03 15:32:30,560,2021-01-03 09:00:02,2021-01-03 18:00:00,0,공사 ,공단4길 은천철강상사 더모닝 1차로 차량 서행 운행 도로공사 -,127.4136906,36.3742392
2021-01-03 15:32:57,,2021-01-03 15:32:00,2021-01-03 16:02:00,2,통제 ,산내로 구도동153 하소동산472 1차로 주의운전 공사 -,127.467623299722,36.2362067997222
2021-01-03 15:33:06,,2021-01-03 15:31:00,2021-01-03 16:01:00,1,사고 ,강서로5길 화곡고가사거리 신월IC방향 u턴지점 1차로 주의운전 교통사고 서울청,126.8488221527,37.5278828079097
2021-01-03 15:34:00,,2021-01-03 15:33:00,2021-01-03 16:03:00,1,사고 ,행주대교 북 남 진행방향 전체차로 주의운전 교통사고 서울청,126.804447302625,37.5924550907818
2021-01-03 15:35:31,570,2021-01-03 15:33:02,2021-01-03 16:03:00,1,사고 ,행주대교 북 남 진행방향 전체차로 주의운전 교통사고 서울청,126.804447302625,37.5924550907818
2021-01-03 15:36:00,571,2021-01-03 15:31:02,2021-01-03 16:01:00,1,사고 ,강서로5길 화곡고가사거리 신월IC방향 u턴지점 1차로 주의운전 교통사고 서울청,126.8488221527,37.5278828079097
2021-01-03 15:36:08,,2021-01-03 15:36:00,2021-01-03 16:06:00,1,사고 ,일반국도30호선 신당초등학교앞교차로 한빛마을어린이집 3차로 후미정체 차량고장 -,128.4990615,35.8517061
2021-01-03 15:36:17,,2021-01-03 15:35:00,2021-01-03 16:05:00,1,사고 ,광주원주고속도로 곤지암2터널동측 동곤지암IC 1차로 후미정체중 차량고장 -,127.3935729,37.3800474
2021-01-03 15:36:30,598,2021-01-03 15:32:02,2021-01-03 16:02:00,2,통제 ,산내로 구도동153 하소동산472 1차로 주의운전 공사 -,127.467623299722,36.2362067997222
2021-01-03 15:37:00,606,2021-01-03 15:31:02,2021-01-03 16:01:00,1,사고 ,개봉로20길 개봉역 개봉고가차도 1차로 주의운전 교통사고 -,126.8570537,37.4936006
2021-01-03 15:37:07,,2021-01-03 15:36:00,2021-01-03 16:06:00,2,통제 ,봉오대로 남청라IC 청라동10111 1차로 주의운전 공사 -,126.6253462,37.5177253
2021-01-03 15:40:31,635,2021-01-03 15:35:02,2021-01-03 16:05:00,1,사고 ,광주원주고속도로 곤지암2터널동측 동곤지암IC 1차로 후미정체중 차량고장 -,127.3935729,37.3800474
2021-01-03 15:41:01,638,2021-01-03 15:36:02,2021-01-03 16:06:00,1,사고 ,일반국도30호선 신당초등학교앞교차로 한빛마을어린이집 3차로 후미정체 차량고장 -,128.4990615,35.8517061
2021-01-03 15:43:05,,2021-01-03 15:43:00,2021-01-03 18:00:00,0,공사 ,지방도1080호선 대지교차로 갈전삼거리 1차로 주의운전 도로공사 -,128.4819245,35.548807
2021-01-03 15:44:00,,2021-01-03 15:43:00,2021-01-03 16:13:00,2,통제 ,대양로 도시가스사거리 양을로397번길90 1차로 주의운전 공사 -,126.4149393,34.8282644
2021-01-03 15:45:26,,2021-01-03 15:45:00,2021-01-03 16:15:00,1,사고 ,일반국도22호선 선평삼거리 서순천SOIL주유소3 1차로 주의운전 교통사고 -,127.4930186,34.9907591
2021-01-03 15:45:28,,2021-01-03 15:45:00,2021-01-03 16:15:00,1,사고 ,남해고속도로 문산IC 문산IC 1차로 0km(방향) 주의운전 차량고장 -,128.158465199722,35.1738572
2021-01-03 15:46:32,,2021-01-03 15:45:00,2021-01-03 16:03:00,1,사고 ,평택시흥고속국도 송산마도IC 송산마도TG 2차로 주의운전요망 교통사고 -,126.7547633,37.2098722
2021-01-03 15:48:33,,2021-01-03 15:40:00,2021-01-03 16:00:00,1,사고 ,수도권제1순환선 판교JC 청계TG 1차로 갓길로 이동되어 소통원활 차량고장 -,127.0992173,37.406395
2021-01-03 15:48:37,,2021-01-03 15:48:00,2021-01-03 18:00:00,0,공사 ,새꽃로 아동교 금촌신사거리 1차로 주의운전 도로공사 -,126.7912284,37.769809
2021-01-03 15:49:38,,2021-01-03 15:49:00,2021-01-03 18:00:00,0,공사 ,일반국도20호선 송현사거리 읍내파출소 1차로 주의운전 도로공사 -,128.4986435,35.5429616
2021-01-03 15:50:30,764,2021-01-03 15:40:02,2021-01-03 16:00:00,1,사고 ,수도권제1순환선 판교JC 청계TG 1차로 갓길로 이동되어 소통원활 차량고장 -,127.0992173,37.406395
2021-01-03 15:51:00,765,2021-01-03 15:45:02,2021-01-03 16:03:00,1,사고 ,평택시흥고속국도 송산마도IC 송산마도TG 2차로 주의운전요망 교통사고 -,126.7547633,37.2098722
2021-01-03 15:51:30,792,2021-01-03 15:45:02,2021-01-03 16:15:00,1,사고 ,남해고속도로 문산IC 문산IC 1차로 0km(방향) 주의운전 차량고장 -,128.158465199722,35.1738572
2021-01-03 15:52:00,801,2021-01-03 15:45:02,2021-01-03 16:15:00,1,사고 ,일반국도22호선 선평삼거리 서순천SOIL주유소3 1차로 주의운전 교통사고 -,127.4930186,34.9907591
2021-01-03 15:52:30,822,2021-01-03 15:43:02,2021-01-03 16:13:00,2,통제 ,대양로 도시가스사거리 양을로397번길90 1차로 주의운전 공사 -,126.4149393,34.8282644
2021-01-03 15:52:44,,2021-01-03 15:50:00,2021-01-03 18:00:00,0,공사 ,반구정14길 화합로 새마을금고 1차로 건설현장 중기운용 도로공사 -,129.3432425,35.5589987
2021-01-03 15:53:00,824,2021-01-03 15:43:02,2021-01-03 18:00:00,0,공사 ,지방도1080호선 대지교차로 갈전삼거리 1차로 주의운전 도로공사 -,128.4819245,35.548807
2021-01-03 15:55:30,832,2021-01-03 15:50:02,2021-01-03 18:00:00,0,공사 ,반구정14길 화합로 새마을금고 1차로 건설현장 중기운용 도로공사 -,129.3432425,35.5589987
2021-01-03 15:56:00,835,2021-01-03 15:49:02,2021-01-03 18:00:00,0,공사 ,일반국도20호선 송현사거리 읍내파출소 1차로 주의운전 도로공사 -,128.4986435,35.5429616
2021-01-03 15:56:30,872,2021-01-03 15:48:02,2021-01-03 18:00:00,0,공사 ,새꽃로 아동교 금촌신사거리 1차로 주의운전 도로공사 -,126.7912284,37.769809
2021-01-03 16:01:52,,2021-01-03 16:01:00,2021-01-03 18:00:00,0,공사 ,송화택지로 남산공원삼거리 GS25팽성청담점 1차로 주의운전 도로공사 -,127.0639634,36.962606
2021-01-03 16:02:27,,2021-01-03 16:02:00,2021-01-03 18:00:00,0,공사 ,헌릉로 신양재IC교차로 신양재IC교차로 1차로 주의운전 도로공사 -,127.058472,37.457543
2021-01-03 16:02:45,,2021-01-03 16:02:00,2021-01-03 16:32:00,2,기상 ,경부고속도로 남구미IC동측 왜관낙동강교서측 1차로 165km(남구미IC방향) 강풍 발생 주의 강풍 -,128.3794445,36.069831
2021-01-03 16:07:08,,2021-01-03 16:07:00,2021-01-03 18:00:00,0,공사 ,경부고속도로 원지동4892 신양재IC 1차로 주의운전 도로공사 -,127.0629638,37.4559378
2021-01-03 16:13:24,,2021-01-03 16:13:00,2021-01-03 16:43:00,2,통제 ,지방도861호선 시암재휴게소 천은사삼거리 1차로 주의운전 공사 -,127.4758789,35.2710589
2021-01-03 16:15:29,,2021-01-03 16:15:00,2021-01-03 16:45:00,1,사고 ,박달로 안디옥교회 안양여고사거리 1차로 주의운전 차량고장 -,126.9172293,37.4027024
2021-01-03 16:16:57,,2021-01-03 16:16:00,2021-01-03 16:46:00,1,사고 ,통일로 인왕아파트교차로 홍제삼거리 3차로 주의운전 차량고장 -,126.947650428149,37.5856796461355
2021-01-03 16:18:03,,2021-01-03 16:17:00,2021-01-03 16:47:00,1,사고 ,일반국도14호선 양정터널 아주터널 2차로 교통사고로 인한 교통정체 교통사고 -,128.6755646,34.871287
2021-01-03 16:20:30,1154,2021-01-03 16:17:02,2021-01-03 16:47:00,1,사고 ,일반국도14호선 양정터널 아주터널 2차로 교통사고로 인한 교통정체 교통사고 -,128.6755646,34.871287
2021-01-03 16:20:31,,2021-01-03 16:20:00,2021-01-03 16:50:00,2,통제 ,서오릉로 구산사거리 구산역앞교차로 1차로 주의운전 공사 -,126.9165455,37.6116481
2021-01-03 16:21:00,1155,2021-01-03 16:16:02,2021-01-03 16:46:00,1,사고 ,통일로 인왕아파트교차로 홍제삼거리 3차로 주의운전 차량고장 -,126.947650428149,37.5856796461355
2021-01-03 16:21:30,1176,2021-01-03 16:15:02,2021-01-03 16:45:00,1,사고 ,박달로 안디옥교회 안양여고사거리 1차로 주의운전 차량고장 -,126.9172293,37.4027024
2021-01-03 16:22:00,1183,2021-01-03 16:13:02,2021-01-03 16:43:00,2,통제 ,지방도861호선 시암재휴게소 천은사삼거리 1차로 주의운전 공사 -,127.4758789,35.2710589
2021-01-03 16:28:25,,2021-01-03 16:28:00,2021-01-03 18:00:00,0,공사 ,일반국도28호선 이인리산1381 대련IC북측 1차로 서행 도로공사 -,129.3184438,36.0549316
2021-01-03 16:31:53,,2021-01-03 16:31:00,2021-01-03 17:01:00,1,사고 ,광주대구고속도로 가조 대구 1차로 0km(방향) 주의운전 차량고장 -,128.1743066,35.7119135
2021-01-03 16:31:55,,2021-01-03 16:31:00,2021-01-03 17:01:00,1,사고 ,올림픽대로 성산대교남측 노들로237 4차로 차량고장 차량고장 -,126.9028792,37.5368432
2021-01-03 16:35:30,1341,2021-01-03 16:31:02,2021-01-03 17:01:00,1,사고 ,올림픽대로 성산대교남측 노들로237 4차로 차량고장 차량고장 -,126.9028792,37.5368432
2021-01-03 16:36:00,1342,2021-01-03 16:31:02,2021-01-03 17:01:00,1,사고 ,광주대구고속도로 가조 대구 1차로 0km(방향) 주의운전 차량고장 -,128.1743066,35.7119135
2021-01-03 16:36:30,1366,2021-01-03 16:28:02,2021-01-03 18:00:00,0,공사 ,일반국도28호선 이인리산1381 대련IC북측 1차로 서행 도로공사 -,129.3184438,36.0549316
2021-01-03 16:38:46,,2021-01-03 16:37:00,2021-01-03 18:00:00,0,공사 ,영동고속도로 양지ic 용인ic 1차로 61km(방향) 갓길부분 화물차랑 비닐포대 도로공사 -,127.365265416222,37.2394829183069
2021-01-03 16:41:26,,2021-01-03 16:41:00,2021-01-03 17:11:00,1,사고 ,영중로 영등포전화국앞교차로 영등포시장역앞교차로 3차로 주의운전 차량고장 -,126.90527348791,37.5243079243577
2021-01-03 16:42:38,,2021-01-03 16:42:00,2021-01-03 17:12:00,1,사고 ,올림픽대로 동호대교 한남대교 4차로 주의운전 교통사고 서울청,127.023764444206,37.5314460312816
2021-01-03 16:45:30,1464,2021-01-03 16:42:02,2021-01-03 17:12:00,1,사고 ,올림픽대로 동호대교 한남대교 4차로 주의운전 교통사고 서울청,127.023764444206,37.5314460312816
2021-01-03 16:45:33,,2021-01-03 16:45:00,2021-01-03 18:00:00,0,공사 ,모현길 원광여자중학교 명성피아노음악학원 1차로 주의운전 도로공사 -,126.9417083,35.9541842
2021-01-03 16:46:00,1466,2021-01-03 16:41:02,2021-01-03 17:11:00,1,사고 ,영중로 영등포전화국앞교차로 영등포시장역앞교차로 3차로 주의운전 차량고장 -,126.90527348791,37.5243079243577
2021-01-03 16:46:11,,2021-01-03 16:44:00,2021-01-03 17:14:00,1,사고 ,종암로30길 종암사거리 월곡역입구 3차로 주의운전 교통사고 서울청,127.039136864997,37.6016069928615
2021-01-03 16:46:30,1492,2021-01-03 16:37:02,2021-01-03 18:00:00,0,공사 ,영동고속도로 양지ic 용인ic 1차로 61km(방향) 갓길부분 화물차랑 비닐포대 도로공사 -,127.365265416222,37.2394829183069
2021-01-03 16:46:53,,2021-01-03 16:46:00,2021-01-03 17:16:00,1,사고 ,월곡로10길 월곡역입구 GS25성북래미안점 1차로 주의운전 교통사고 -,127.0404302,37.6002386
2021-01-03 16:48:10,,2021-01-03 16:47:00,2021-01-03 17:17:00,2,기상 ,일반국도35호선 천문로12121 사천교 1차로 주의운전 강풍 -,128.9271727,36.0360027
2021-01-03 16:50:30,1531,2021-01-03 16:46:02,2021-01-03 17:16:00,1,사고 ,월곡로10길 월곡역입구 GS25성북래미안점 1차로 주의운전 교통사고 -,127.0404302,37.6002386
2021-01-03 16:50:51,,2021-01-03 16:50:00,2021-01-03 17:20:00,1,사고 ,일반국도23호선 동강대교 나주시함평군 1차로 주의운전 교통사고 -,126.5450871,34.9828315
2021-01-03 16:51:00,1534,2021-01-03 16:44:02,2021-01-03 17:14:00,1,사고 ,종암로30길 종암사거리 월곡역입구 3차로 주의운전 교통사고 서울청,127.039136864997,37.6016069928615
2021-01-03 16:51:30,1558,2021-01-03 16:45:02,2021-01-03 18:00:00,0,공사 ,모현길 원광여자중학교 명성피아노음악학원 1차로 주의운전 도로공사 -,126.9417083,35.9541842
2021-01-03 16:53:45,,2021-01-03 16:53:00,2021-01-03 17:23:00,1,사고 ,백범로 인천교펌프장입구사거리 SK주유소청도2셀프 3차로 1개차선통제중  차량고장 -,126.6490558,37.4913382
2021-01-03 16:53:55,,2021-01-03 16:53:00,2021-01-03 17:23:00,1,사고 ,종암로30길 이삭교회 월곡역입구 1차로 주의운전 교통사고 -,127.0392296,37.6013473
2021-01-03 16:55:30,1596,2021-01-03 16:53:02,2021-01-03 17:23:00,1,사고 ,종암로30길 이삭교회 월곡역입구 1차로 주의운전 교통사고 -,127.0392296,37.6013473
2021-01-03 16:56:01,1598,2021-01-03 16:53:02,2021-01-03 17:23:00,1,사고 ,백범로 인천교펌프장입구사거리 SK주유소청도2셀프 3차로 1개차선통제중  차량고장 -,126.6490558,37.4913382
2021-01-03 16:56:34,1637,2021-01-03 16:50:02,2021-01-03 17:20:00,1,사고 ,일반국도23호선 동강대교 나주시함평군 1차로 주의운전 교통사고 -,126.5450871,34.9828315
2021-01-03 16:57:01,1643,2021-01-03 16:47:02,2021-01-03 17:17:00,2,기상 ,일반국도35호선 천문로12121 사천교 1차로 주의운전 강풍 -,128.9271727,36.0360027
2021-01-03 16:59:14,,2021-01-03 16:59:00,2021-01-03 18:00:00,0,공사 ,안성맞춤대로 경인자동차공업사앞교차로 당왕사거리 1차로 도로확장 공사로 일부통제 도로공사 -,127.2647488,37.0270494
2021-01-03 16:59:38,,2021-01-03 16:59:00,2021-01-03 18:00:00,0,공사 ,고봉로 강선17단지삼거리 하늘감리교회 1차로 주의운전 시설물보수 -,126.7655593,37.6611703
2021-01-03 17:03:54,,2021-01-03 16:02:00,2021-01-03 18:00:00,0,공사 ,돌곶이로 광운대삼거리 장곡초사거리 1차로 주의운전 도로공사 -,127.0393867,37.6010301
2021-01-03 17:04:16,,2021-01-03 17:04:00,2021-01-03 18:00:00,0,공사 ,감일남로 송파구하남시 감일남로33 1차로 주의운전 도로공사 -,127.1434281,37.5058464
2021-01-03 17:12:16,,2021-01-03 17:11:00,2021-01-03 18:00:00,0,공사 ,무학로 대봉정교차로  부석중학교  1차로 도로확장공사  도로공사 -,126.3945994,36.7030977
2021-01-03 17:15:42,,2021-01-03 17:15:00,2021-01-03 17:45:00,2,통제 ,일반국도47호선 진벌리 경복대정문 1차로 주의운전 공사 -,127.1760541,37.7075827
2021-01-03 17:23:31,,2021-01-03 17:22:00,2021-01-03 17:52:00,1,사고 ,율곡로 흥인지문사거리 이화사거리 3차로 주의운전 고장 차량 서울청,127.008569116138,37.5719750110767
2021-01-03 17:25:31,1978,2021-01-03 17:22:02,2021-01-03 17:52:00,1,사고 ,율곡로 흥인지문사거리 이화사거리 3차로 주의운전 고장 차량 서울청,127.008569116138,37.5719750110767
2021-01-03 17:42:06,,2021-01-03 17:41:00,2021-01-03 18:00:00,0,공사 ,올림픽대로 올림픽대교남단IC 올림픽대교남단IC 4차로 주의운전 도로공사 -,127.1082738,37.5291766
2021-01-03 17:46:35,,2021-01-03 17:45:00,2021-01-03 18:00:00,0,공사 ,진관로 진관사거리 배양교차로 1차로 주의운전 도로공사 -,127.1709455,37.7069434
2021-01-03 17:50:20,,2021-01-03 17:49:00,2021-01-03 18:19:00,1,사고 ,세종대로 프레스센터 시청앞교차로 2차로 주의운전 교통사고 서울청,126.977101931503,37.5655715277499
2021-01-03 17:55:30,2359,2021-01-03 17:49:02,2021-01-03 18:19:00,1,사고 ,세종대로 프레스센터 시청앞교차로 2차로 주의운전 교통사고 서울청,126.977101931503,37.5655715277499
2021-01-03 17:56:00,2362,2021-01-03 17:45:02,2021-01-03 18:00:00,0,공사 ,진관로 진관사거리 배양교차로 1차로 주의운전 도로공사 -,127.1709455,37.7069434
2021-01-03 17:59:57,,2021-01-03 17:59:00,2021-01-03 18:00:00,0,공사 ,도로복구공사 통신골목 달구벌대로 1차로 주의운전 도로공사 -,128.5974158,35.8652446
2021-01-03 18:02:16,,2021-01-03 18:02:00,2021-01-03 18:32:00,1,사고 ,지방도371호선 곡능교 삼하리삼거리 1차로 주의운전 차량고장 -,126.9190884,37.6793113
2021-01-03 18:05:31,2489,2021-01-03 18:02:02,2021-01-03 18:32:00,1,사고 ,지방도371호선 곡능교 삼하리삼거리 1차로 주의운전 차량고장 -,126.9190884,37.6793113
2021-01-03 18:05:52,,2021-01-03 18:05:00,2021-01-03 18:35:00,1,사고 ,지방도371호선 곡능교 삼하리삼거리 1차로 주의운전 차량고장 -,126.919127099722,37.6796040997222
2021-01-03 18:06:01,2491,2021-01-03 17:59:02,2021-01-03 18:00:00,0,공사 ,도로복구공사 통신골목 달구벌대로 1차로 주의운전 도로공사 -,128.5974158,35.8652446
2021-01-03 18:10:30,2553,2021-01-03 18:05:02,2021-01-03 18:35:00,1,사고 ,지방도371호선 곡능교 삼하리삼거리 1차로 주의운전 차량고장 -,126.919127099722,37.6796040997222
2021-01-03 18:11:39,,2021-01-03 18:10:00,2021-01-03 18:40:00,1,사고 ,올림픽대로 한남대교 반포대교 5차로 승용차 관련. 후미 지체 교통사고 서울청,127.0082234565,37.5167843213426
2021-01-03 18:11:40,,2021-01-03 18:11:00,2021-01-04 18:00:00,0,공사 ,경부고속도로180k하 김천시구미시 선주교북측 1차로 0km(김천분기점방향) 주의운전 시설물보수 -,128.2995288,36.144038
2021-01-03 18:15:30,2613,2021-01-03 18:10:02,2021-01-03 18:40:00,1,사고 ,올림픽대로 한남대교 반포대교 5차로 승용차 관련. 후미 지체 교통사고 서울청,127.0082234565,37.5167843213426
2021-01-03 18:25:20,,2021-01-03 18:23:00,2021-01-03 18:53:00,2,기상 ,경부고속도로 구미 톨게이트  구미 톨이트 I구미톨게이트 1차로 주의운전 강풍 -,128.3605994,36.1175219
2021-01-03 18:28:20,,2021-01-03 18:27:00,2021-01-03 18:57:00,1,사고 ,내부순환로 정릉터널 정릉램프 2차로 승용차-승용차. 후미 지체 교통사고 서울청,126.997950094587,37.6089925722719
2021-01-03 18:30:30,2801,2021-01-03 18:27:02,2021-01-03 18:57:00,1,사고 ,내부순환로 정릉터널 정릉램프 2차로 승용차-승용차. 후미 지체 교통사고 서울청,126.997950094587,37.6089925722719
2021-01-03 18:31:00,2803,2021-01-03 18:23:02,2021-01-03 18:53:00,2,기상 ,경부고속도로 구미 톨게이트  구미 톨이트 I구미톨게이트 1차로 주의운전 강풍 -,128.3605994,36.1175219
2021-01-03 18:32:30,,2021-01-03 18:32:00,2021-01-04 18:00:00,0,공사 ,서울외곽순환고속도로 상일IC북측 상일IC서측 1차로 후미주의운전요망 도로공사 -,127.1769664,37.5517354
2021-01-03 18:33:10,,2021-01-03 18:33:00,2021-01-04 18:00:00,0,공사 ,일반국도4호선 세천동17912 식장산삼거리 3차로 주의운전 도로공사 -,127.4799763,36.33448
2021-01-03 18:34:34,,2021-01-03 18:33:00,2021-01-03 21:35:41,0,공사 ,호남선(0251) (1차로)긴급팻칭작업중 [고속도로]호남선(0251) (1차로)긴급팻칭작업중,126.7969,35.4739
2021-01-03 18:36:34,,2021-01-03 18:36:00,2021-01-04 18:00:00,0,공사 ,세천공원로 새정1교 향나무집 1차로 주의운전 도로공사 -,127.4893529,36.3326437
2021-01-03 18:37:13,,2021-01-03 18:36:00,2021-01-03 19:06:00,1,사고 ,올림픽대로 성수대교 동호대교 4차로 승용차 관련. 후미 지체 교통사고 서울청,127.030502846507,37.53412045631
2021-01-03 18:39:02,,2021-01-03 18:38:00,2021-01-03 19:08:00,1,사고 ,중앙로 양강중학교앞교차로 신정네거리역교차로 3차로 주의운전 교통사고 서울청,126.850925884406,37.5238782784691
2021-01-03 18:40:31,2929,2021-01-03 18:38:02,2021-01-03 19:08:00,1,사고 ,중앙로 양강중학교앞교차로 신정네거리역교차로 3차로 주의운전 교통사고 서울청,126.850925884406,37.5238782784691
2021-01-03 18:41:01,2931,2021-01-03 18:36:02,2021-01-03 19:06:00,1,사고 ,올림픽대로 성수대교 동호대교 4차로 승용차 관련. 후미 지체 교통사고 서울청,127.030502846507,37.53412045631
2021-01-03 18:41:30,2958,2021-01-03 18:36:02,2021-01-04 18:00:00,0,공사 ,세천공원로 새정1교 향나무집 1차로 주의운전 도로공사 -,127.4893529,36.3326437
2021-01-03 18:42:00,2966,2021-01-03 18:33:02,2021-01-03 21:35:41,0,공사 ,호남선(0251) (1차로)긴급팻칭작업중 [고속도로]호남선(0251) (1차로)긴급팻칭작업중,126.7969,35.4739
2021-01-03 18:42:33,2989,2021-01-03 18:33:02,2021-01-04 18:00:00,0,공사 ,일반국도4호선 세천동17912 식장산삼거리 3차로 주의운전 도로공사 -,127.4799763,36.33448
2021-01-03 18:54:35,,2021-01-03 18:42:45,2021-01-03 21:55:42,0,공사 ,호남선(0251) (1,2차로)차로교대긴급팻칭이동작업중 [고속도로]호남선(0251) (1,2차로)차로교대긴급팻칭이동작업중,126.8208,35.5485
2021-01-03 19:01:09,,2021-01-03 19:01:00,2021-01-03 19:31:00,1,사고 ,만리재로 공덕오거리 성은빌딩 3차로 주의운전 차량고장 -,126.953382948869,37.5442122399531
2021-01-03 19:05:30,3246,2021-01-03 19:01:02,2021-01-03 19:31:00,1,사고 ,만리재로 공덕오거리 성은빌딩 3차로 주의운전 차량고장 -,126.953382948869,37.5442122399531
2021-01-03 20:11:15,,2021-01-03 20:10:00,2021-01-03 20:40:00,1,사고 ,영동대로 우성아파트 학여울역앞교차로 3차로 주의운전 교통사고 서울청,127.069728044946,37.4967617167197
2021-01-03 20:15:30,4094,2021-01-03 20:10:02,2021-01-03 20:40:00,1,사고 ,영동대로 우성아파트 학여울역앞교차로 3차로 주의운전 교통사고 서울청,127.069728044946,37.4967617167197
2021-01-03 20:21:23,,2021-01-03 20:21:00,2021-01-04 18:00:00,0,공사 ,인수봉로 창택약국 인수봉길쌈지마당길진 2차로 주의운전 도로공사 -,127.0130086,37.6293541
2021-01-03 20:31:09,,2021-01-03 20:30:00,2021-01-03 21:00:00,1,사고 ,종암로 종암2치안센터 종암사거리 3차로 주의운전 교통사고 서울청,127.033044522968,37.6019332124524
2021-01-03 20:35:30,4349,2021-01-03 20:30:02,2021-01-03 21:00:00,1,사고 ,종암로 종암2치안센터 종암사거리 3차로 주의운전 교통사고 서울청,127.033044522968,37.6019332124524
2021-01-03 20:52:41,,2021-01-03 20:51:00,2021-01-03 21:21:00,1,사고 ,국회대로 영등포전화국 영등포경찰서 1,2차로 승용차-화물차 다중. 후미 지체 교통사고 서울청,126.904106543766,37.5258367967962
2021-01-03 20:55:30,4605,2021-01-03 20:51:02,2021-01-03 21:21:00,1,사고 ,국회대로 영등포전화국 영등포경찰서 1,2차로 승용차-화물차 다중. 후미 지체 교통사고 서울청,126.904106543766,37.5258367967962
2021-01-03 21:14:36,,2021-01-03 21:13:19,2021-01-04 00:15:48,0,공사 ,경부선(0010) (3차로)사고잔해물정리작업중 [고속도로]경부선(0010) (3차로)사고잔해물정리작업중,128.2947,36.1459
2021-01-03 21:45:13,,2021-01-03 21:44:00,2021-01-03 22:14:00,1,사고 ,내부순환로 연희램프 홍제램프 3차로 승용차. 후미 서행 고장 차량 서울청,126.93590041277,37.5797650364151
2021-01-03 21:50:30,5284,2021-01-03 21:44:02,2021-01-03 22:14:00,1,사고 ,내부순환로 연희램프 홍제램프 3차로 승용차. 후미 서행 고장 차량 서울청,126.93590041277,37.5797650364151
2021-01-03 23:41:21,20210103234121,2021-01-03 23:41:21,,1,사고,[고창담양선]남고창(3.7K) (갓길)중형화물단독사고처리중  사고,126.6848,35.3965
2021-01-03 23:42:46,20210103234246,2021-01-03 23:42:46,,1,사고,[평택시흥선]서평택분기점부근(3.2K) (2차로)승용차사고처리중 2차로 차단  사고,0,0
2021-01-03 23:50:46,20210103235046,2021-01-03 23:50:46,,1,사고,[경부선]기흥(휴)부근(390K) (5차로)승용차고장처리중 5차로 차단  고장,127.1039,37.2462
